{
	"credit": "Made with Blockbench",
	"parent": "create:block/block",
	"textures": {
		"2": "create:block/pipes",
		"4": "create:block/pump",
		"5": "create:block/millstone",
		"particle": "create:block/pump"
	},
	"elements": [
		{
			"name": "Gear5",
			"from": [5.5, 7, -1],
			"to": [11.5, 10, 17],
			"rotation": {"angle": 0, "axis": "y", "origin": [8.5, 8.5, 8]},
			"faces": {
				"north": {"uv": [9, 10, 10.5, 13], "rotation": 90, "texture": "#5"},
				"east": {"uv": [0, 8.5, 9, 10], "texture": "#5"},
				"south": {"uv": [9, 10, 10.5, 13], "rotation": 270, "texture": "#5"},
				"west": {"uv": [0, 8.5, 9, 10], "texture": "#5"},
				"up": {"uv": [0, 10, 9, 13], "rotation": 270, "texture": "#5"},
				"down": {"uv": [0, 10, 9, 13], "rotation": 270, "texture": "#5"}
			}
		},
		{
			"name": "Gear6",
			"from": [5.5, 7, -1],
			"to": [11.5, 10, 17],
			"rotation": {"angle": -45, "axis": "x", "origin": [8.5, 8.5, 8]},
			"faces": {
				"north": {"uv": [9, 10, 10.5, 13], "rotation": 90, "texture": "#5"},
				"east": {"uv": [0, 8.5, 9, 10], "texture": "#5"},
				"south": {"uv": [9, 10, 10.5, 13], "rotation": 270, "texture": "#5"},
				"west": {"uv": [0, 8.5, 9, 10], "texture": "#5"},
				"up": {"uv": [0, 10, 9, 13], "rotation": 270, "texture": "#5"},
				"down": {"uv": [0, 10, 9, 13], "rotation": 270, "texture": "#5"}
			}
		},
		{
			"name": "Gear7",
			"from": [5.5, -0.5, 6.5],
			"to": [11.5, 17.5, 9.5],
			"rotation": {"angle": -45, "axis": "x", "origin": [8.5, 8.5, 8]},
			"faces": {
				"north": {"uv": [0, 10, 9, 13], "rotation": 90, "texture": "#5"},
				"east": {"uv": [0, 8.5, 9, 10], "rotation": 90, "texture": "#5"},
				"south": {"uv": [0, 10, 9, 13], "rotation": 270, "texture": "#5"},
				"west": {"uv": [0, 8.5, 9, 10], "rotation": 270, "texture": "#5"},
				"up": {"uv": [9, 10, 10.5, 13], "rotation": 270, "texture": "#5"},
				"down": {"uv": [9, 10, 10.5, 13], "rotation": 270, "texture": "#5"}
			}
		},
		{
			"name": "Gear7",
			"from": [5.5, -0.5, 6.5],
			"to": [11.5, 17.5, 9.5],
			"rotation": {"angle": 0, "axis": "y", "origin": [8.5, 8.5, 8]},
			"faces": {
				"north": {"uv": [0, 10, 9, 13], "rotation": 90, "texture": "#5"},
				"east": {"uv": [0, 8.5, 9, 10], "rotation": 90, "texture": "#5"},
				"south": {"uv": [0, 10, 9, 13], "rotation": 270, "texture": "#5"},
				"west": {"uv": [0, 8.5, 9, 10], "rotation": 270, "texture": "#5"},
				"up": {"uv": [9, 10, 10.5, 13], "rotation": 270, "texture": "#5"},
				"down": {"uv": [9, 10, 10.5, 13], "rotation": 270, "texture": "#5"}
			}
		},
		{
			"name": "GearCaseInner",
			"from": [6, 2.5, 2],
			"to": [11, 14.5, 14],
			"rotation": {"angle": 0, "axis": "y", "origin": [8.5, 8.5, 8]},
			"faces": {
				"north": {"uv": [0, 6, 6, 8.5], "rotation": 90, "texture": "#5"},
				"east": {"uv": [0, 0, 6, 6], "rotation": 270, "texture": "#5"},
				"south": {"uv": [0, 6, 6, 8.5], "rotation": 270, "texture": "#5"},
				"west": {"uv": [0, 0, 6, 6], "rotation": 270, "texture": "#5"},
				"up": {"uv": [0, 6, 6, 8.5], "rotation": 270, "texture": "#5"},
				"down": {"uv": [0, 6, 6, 8.5], "rotation": 270, "texture": "#5"}
			}
		},
		{
			"name": "front",
			"from": [0.5, 3.5, 3],
			"to": [5.5, 13.5, 13],
			"rotation": {"angle": 0, "axis": "z", "origin": [8, 8, 8]},
			"faces": {
				"north": {"uv": [10.5, 2.5, 13, 7.5], "rotation": 180, "texture": "#2"},
				"east": {"uv": [6, 11, 11, 16], "rotation": 270, "texture": "#2"},
				"south": {"uv": [10.5, 2.5, 13, 7.5], "texture": "#2"},
				"west": {"uv": [11, 11, 16, 16], "rotation": 270, "texture": "#2"},
				"up": {"uv": [10.5, 2.5, 13, 7.5], "texture": "#2"},
				"down": {"uv": [10.5, 2.5, 13, 7.5], "texture": "#2"}
			}
		},
		{
			"name": "back",
			"from": [11.5, 2.5, 2],
			"to": [16.5, 14.5, 14],
			"rotation": {"angle": 0, "axis": "y", "origin": [8.5, 11.5, 8]},
			"faces": {
				"north": {"uv": [13.5, 2, 16, 8], "texture": "#2"},
				"east": {"uv": [0, 0, 12, 12], "rotation": 270, "texture": "#4"},
				"south": {"uv": [13.5, 2, 16, 8], "rotation": 180, "texture": "#2"},
				"west": {"uv": [0, 0, 12, 12], "rotation": 90, "texture": "#4"},
				"up": {"uv": [13.5, 2, 16, 8], "rotation": 180, "texture": "#2"},
				"down": {"uv": [13.5, 2, 16, 8], "rotation": 180, "texture": "#2"}
			}
		},
		{
			"from": [1.70355, 6.15, 2],
			"to": [3.70355, 10.15, 14],
			"rotation": {"angle": 45, "axis": "z", "origin": [3.35355, 8.25, 7.75]},
			"faces": {
				"north": {"uv": [16, 0, 12, 2], "rotation": 90, "texture": "#4"},
				"east": {"uv": [12, 1, 16, 2], "rotation": 270, "texture": "#4"},
				"south": {"uv": [12, 0, 16, 2], "rotation": 270, "texture": "#4"},
				"west": {"uv": [12, 0, 16, 1], "rotation": 270, "texture": "#4"},
				"up": {"uv": [15, 0, 16, 2], "rotation": 270, "texture": "#4"},
				"down": {"uv": [12, 0, 13, 2], "rotation": 270, "texture": "#4"}
			}
		},
		{
			"from": [3.70355, 8.15, 2],
			"to": [5.70355, 10.15, 14],
			"rotation": {"angle": 45, "axis": "z", "origin": [3.35355, 8.25, 7.75]},
			"faces": {
				"north": {"uv": [16, 2, 14, 4], "rotation": 90, "texture": "#4"},
				"east": {"uv": [14, 3, 16, 4], "rotation": 270, "texture": "#4"},
				"south": {"uv": [14, 2, 16, 4], "rotation": 270, "texture": "#4"},
				"up": {"uv": [15, 2, 16, 4], "rotation": 270, "texture": "#4"},
				"down": {"uv": [14, 2, 15, 4], "rotation": 270, "texture": "#4"}
			}
		},
		{
			"from": [3.85355, 2.5, 7.75],
			"to": [5.85355, 14.5, 9.75],
			"rotation": {"angle": -45, "axis": "y", "origin": [3.35355, 8.25, 7.75]},
			"faces": {
				"north": {"uv": [14, 2, 15, 4], "rotation": 90, "texture": "#4"},
				"east": {"uv": [14, 3, 16, 4], "rotation": 180, "texture": "#4"},
				"south": {"uv": [15, 2, 16, 4], "rotation": 270, "texture": "#4"},
				"up": {"uv": [16, 2, 14, 4], "rotation": 270, "texture": "#4"},
				"down": {"uv": [14, 2, 16, 4], "rotation": 270, "texture": "#4"}
			}
		},
		{
			"from": [1.85355, 2.5, 5.75],
			"to": [3.85355, 14.5, 9.75],
			"rotation": {"angle": -45, "axis": "y", "origin": [3.35355, 8.25, 7.75]},
			"faces": {
				"north": {"uv": [12, 0, 13, 2], "rotation": 90, "texture": "#4"},
				"east": {"uv": [12, 1, 16, 2], "rotation": 180, "texture": "#4"},
				"south": {"uv": [15, 0, 16, 2], "rotation": 270, "texture": "#4"},
				"west": {"uv": [12, 0, 16, 1], "texture": "#4"},
				"up": {"uv": [16, 0, 12, 2], "rotation": 270, "texture": "#4"},
				"down": {"uv": [12, 0, 16, 2], "rotation": 270, "texture": "#4"}
			}
		}
	],
	"display": {
		"thirdperson_righthand": {
			"rotation": [75, 45, 0],
			"translation": [0, 2.5, 0],
			"scale": [0.375, 0.375, 0.375]
		},
		"thirdperson_lefthand": {
			"rotation": [75, 45, 0],
			"translation": [0, 2.5, 0],
			"scale": [0.375, 0.375, 0.375]
		},
		"firstperson_righthand": {
			"rotation": [0, 45, 0],
			"scale": [0.4, 0.4, 0.4]
		},
		"firstperson_lefthand": {
			"rotation": [0, 225, 0],
			"scale": [0.4, 0.4, 0.4]
		},
		"ground": {
			"translation": [0, 3, 0],
			"scale": [0.25, 0.25, 0.25]
		},
		"gui": {
			"rotation": [30, 135, 0],
			"scale": [0.625, 0.625, 0.625]
		},
		"fixed": {
			"scale": [0.5, 0.5, 0.5]
		}
	},
	"groups": [
		{
			"name": "cogwheel",
			"origin": [8, 8, 8],
			"color": 0,
			"children": [0, 1, 2, 3, 4]
		},
		{
			"name": "pump",
			"origin": [8, 8, 8],
			"color": 0,
			"children": [5, 6]
		},
		{
			"name": "Arrow",
			"origin": [8, 8, 8],
			"color": 0,
			"children": [7, 8, 9, 10]
		}
	]
}