{
	"credit": "Made with Blockbench",
	"textures": {
		"0": "create:block/netherite_backtank",
		"particle": "create:block/netherite_backtank"
	},
	"elements": [
		{
			"from": [9, 5, 9.5],
			"to": [11, 8, 12.5],
			"rotation": {"angle": 0, "axis": "y", "origin": [12, 6.5, 11]},
			"faces": {
				"north": {"uv": [5.5, 11, 6.5, 11.5], "rotation": 180, "texture": "#0"},
				"east": {"uv": [1, 7, 3, 9], "rotation": 270, "texture": "#0"},
				"south": {"uv": [5.5, 12, 6.5, 14], "texture": "#0"},
				"west": {"uv": [1, 7, 3, 9], "rotation": 90, "texture": "#0"},
				"up": {"uv": [6.5, 11.5, 5.5, 14], "rotation": 180, "texture": "#0"},
				"down": {"uv": [5.5, 11.5, 6.5, 14], "texture": "#0"}
			}
		},
		{
			"from": [5, 5, 9.5],
			"to": [7, 8, 12.5],
			"rotation": {"angle": 0, "axis": "y", "origin": [8, 6.5, 11]},
			"faces": {
				"north": {"uv": [5.5, 11, 6.5, 11.5], "rotation": 180, "texture": "#0"},
				"east": {"uv": [1, 7, 3, 9], "rotation": 270, "texture": "#0"},
				"south": {"uv": [5.5, 12, 6.5, 14], "texture": "#0"},
				"west": {"uv": [1, 7, 3, 9], "rotation": 90, "texture": "#0"},
				"up": {"uv": [6.5, 11.5, 5.5, 14], "rotation": 180, "texture": "#0"},
				"down": {"uv": [5.5, 11.5, 6.5, 14], "texture": "#0"}
			}
		}
	],
	"groups": [
		{
			"name": "Gears",
			"origin": [1, 2.5, 0.5],
			"color": 0,
			"children": [0, 1]
		},
		{
			"name": "Axle",
			"origin": [8, 8, 8],
			"color": 0,
			"children": []
		}
	]
}