{
	"credit": "Made with Blockbench",
	"textures": {
		"0": "create:block/netherite_backtank",
		"particle": "create:block/netherite_backtank"
	},
	"elements": [
		{
			"from": [6, 12, 6],
			"to": [10, 16, 10],
			"faces": {
				"north": {"uv": [14, 2, 16, 3.5], "texture": "#0"},
				"east": {"uv": [14, 2, 16, 3.5], "texture": "#0"},
				"south": {"uv": [14, 2, 16, 3.5], "texture": "#0"},
				"west": {"uv": [14, 2, 16, 3.5], "texture": "#0"},
				"up": {"uv": [14, 0, 16, 2], "texture": "#0"}
			}
		}
	],
	"groups": [
		{
			"name": "Axle",
			"origin": [8, 8, 8],
			"color": 0,
			"children": []
		},
		0
	]
}