{
	"credit": "Model generated using MrCrayfish's Model Creator (https://mrcrayfish.com/tools?id=mc)",
	"textures": {
		"mechanical_press_head": "create:block/mechanical_press_head",
		"mechanical_press_pole": "create:block/mechanical_press_pole"
	},
	"elements": [
		{
			"name": "Pole1Core",
			"from": [4.95, 4, 5],
			"to": [11.05, 14, 11],
			"faces": {
				"north": {"uv": [0, 6, 5, 16], "texture": "#mechanical_press_pole"},
				"east": {"uv": [5, 6, 10, 16], "texture": "#mechanical_press_pole"},
				"south": {"uv": [0, 6, 5, 16], "texture": "#mechanical_press_pole"},
				"west": {"uv": [6, 6, 10, 16], "texture": "#mechanical_press_pole"}
			}
		},
		{
			"name": "Pole2Core",
			"from": [4.95, 14, 5],
			"to": [11.05, 27, 11],
			"faces": {
				"north": {"uv": [0, 0, 5, 13], "texture": "#mechanical_press_pole"},
				"east": {"uv": [5, 0, 10, 13], "texture": "#mechanical_press_pole"},
				"south": {"uv": [0, 0, 5, 13], "texture": "#mechanical_press_pole"},
				"west": {"uv": [5, 0, 10, 13], "texture": "#mechanical_press_pole"},
				"up": {"uv": [11, 1, 15, 5], "rotation": 180, "texture": "#mechanical_press_pole"}
			}
		},
		{
			"name": "Head",
			"from": [3, 0, 3],
			"to": [13, 4, 13],
			"faces": {
				"north": {"uv": [1, 0, 11, 4], "texture": "#mechanical_press_head"},
				"east": {"uv": [1, 0, 11, 4], "texture": "#mechanical_press_head"},
				"south": {"uv": [1, 0, 11, 4], "texture": "#mechanical_press_head"},
				"west": {"uv": [1, 0, 11, 4], "texture": "#mechanical_press_head"},
				"up": {"uv": [1, 5, 11, 15], "rotation": 180, "texture": "#mechanical_press_head"},
				"down": {"uv": [1, 5, 11, 15], "rotation": 180, "texture": "#mechanical_press_head"}
			}
		}
	]
}