{
	"format_version": "1.10.0",
	"geometry.model": {
		"texturewidth": 128,
		"textureheight": 128,
		"visible_bounds_width": 4,
		"visible_bounds_height": 3.5,
		"visible_bounds_offset": [0, 1.25, 0],
		"bones": [
			{
				"name": "head",
				"pivot": [0, 18, 0],
				"cubes": [
					{"origin": [-4, 18, -4], "size": [8, 8, 8], "uv": [0, 18]},
					{"origin": [-4, 16, -4], "size": [8, 10, 8], "uv": [0, 0], "inflate": 0.1}
				]
			},
			{
				"name": "blink",
				"parent": "head",
				"pivot": [0, 18, 0],
				"cubes": [
					{"origin": [-4, 18, -4.001], "size": [8, 8, 0], "uv": [0, 66]}
				]
			},
			{
				"name": "longhair",
				"parent": "head",
				"pivot": [0, 18.3, 3.8],
				"rotation": [15, 0, 0]
			},
			{
				"name": "hair1",
				"parent": "longhair",
				"pivot": [0, 18.3, 3.8],
				"cubes": [
					{"origin": [-1.25, 3.05, 4.05], "size": [2.5, 15, 0], "uv": [24, 51]}
				]
			},
			{
				"name": "hair2",
				"parent": "longhair",
				"pivot": [1.8, 18.3, 3.8],
				"rotation": [0, 0, -5],
				"cubes": [
					{"origin": [0.55, 3.05, 4.05], "size": [2.5, 15, 0], "uv": [20, 51]}
				]
			},
			{
				"name": "hair4",
				"parent": "longhair",
				"pivot": [2.8, 18.3, 3.8],
				"rotation": [0, 0, -12.5],
				"cubes": [
					{"origin": [1.55, 3.05, 4.05], "size": [2.5, 15, 0], "uv": [12, 51]}
				]
			},
			{
				"name": "hair3",
				"parent": "longhair",
				"pivot": [-1.8, 18.3, 3.8],
				"rotation": [0, 0, 5],
				"cubes": [
					{"origin": [-3.05, 3.05, 4.05], "size": [2.5, 15, 0], "uv": [16, 51]}
				]
			},
			{
				"name": "hair5",
				"parent": "longhair",
				"pivot": [-2.8, 18.3, 3.8],
				"rotation": [0, 0, 12.5],
				"cubes": [
					{"origin": [-4.05, 3.05, 4.05], "size": [2.5, 15, 0], "uv": [46, 2]}
				]
			},
			{
				"name": "haircosmetics",
				"parent": "head",
				"pivot": [3, 26, 0]
			},
			{
				"name": "bone5",
				"parent": "haircosmetics",
				"pivot": [4, 26, -1],
				"cubes": [
					{"origin": [4, 25, -2], "size": [1, 1, 1], "uv": [4, 20]},
					{"origin": [4, 25, 1], "size": [1, 1, 1], "uv": [4, 18]}
				]
			},
			{
				"name": "bone10",
				"parent": "haircosmetics",
				"pivot": [4, 26, -1],
				"rotation": [0, 0, -20],
				"cubes": [
					{"origin": [4, 26, -2], "size": [1, 1, 1], "uv": [0, 20]},
					{"origin": [4, 26, 1], "size": [1, 1, 1], "uv": [0, 18]}
				]
			},
			{
				"name": "bone7",
				"parent": "haircosmetics",
				"pivot": [5, 26, 0],
				"rotation": [0, 0, -20],
				"cubes": [
					{"origin": [4, 22, -1], "size": [2, 5, 2], "uv": [0, 0]}
				]
			},
			{
				"name": "body",
				"pivot": [0, 10.5, 0],
				"cubes": [
					{"origin": [-3, 11, -3], "size": [6, 7, 6], "uv": [26, 28]}
				]
			},
			{
				"name": "decoration",
				"parent": "body",
				"pivot": [0, 9.5, -7],
				"cubes": [
					{"origin": [-0.5, 16, -3.75], "size": [1, 1, 1], "uv": [0, 22]}
				]
			},
			{
				"name": "bone",
				"parent": "decoration",
				"pivot": [0, 16.5, -3.5],
				"rotation": [0, 15, 25],
				"cubes": [
					{"origin": [0, 16, -3.5], "size": [2, 1, 0], "uv": [4, 7]}
				]
			},
			{
				"name": "bone2",
				"parent": "decoration",
				"pivot": [0, 16.5, -3.5],
				"rotation": [0, -15, -25],
				"cubes": [
					{"origin": [-2, 16, -3.5], "size": [2, 1, 0], "uv": [0, 7]}
				]
			},
			{
				"name": "bone3",
				"parent": "decoration",
				"pivot": [0, 16.5, -3.5],
				"rotation": [-10, 0, 15],
				"cubes": [
					{"origin": [-0.5, 13.5, -3.5], "size": [1, 3, 0], "uv": [6, 22]}
				]
			},
			{
				"name": "bone4",
				"parent": "decoration",
				"pivot": [0, 16.5, -3.5],
				"rotation": [-10, 0, -15],
				"cubes": [
					{"origin": [-0.5, 13.5, -3.5], "size": [1, 3, 0], "uv": [4, 22]}
				]
			},
			{
				"name": "sittingRotationSkirt",
				"parent": "body",
				"pivot": [0, 11, 0]
			},
			{
				"name": "skirt",
				"parent": "sittingRotationSkirt",
				"pivot": [-1, 0, -1],
				"cubes": [
					{"origin": [-3.5, 9, -3.5], "size": [7, 2, 7], "uv": [25, 11]}
				]
			},
			{
				"name": "bone32",
				"parent": "skirt",
				"pivot": [0, 5, 0]
			},
			{
				"name": "bone33",
				"parent": "bone32",
				"pivot": [0, 5, 0]
			},
			{
				"name": "bone49",
				"parent": "bone33",
				"pivot": [0, 5, 4.47051],
				"rotation": [10, 0, 0],
				"cubes": [
					{"origin": [-2.5, 1.65782, 4.47051], "size": [5, 9, 0], "uv": [48, 51], "inflate": 0}
				]
			},
			{
				"name": "bone50",
				"parent": "bone49",
				"pivot": [-2.5, 4.65782, 4.47051],
				"rotation": [0, 0, 9.85108],
				"cubes": [
					{"origin": [-4.5, 1.65782, 4.46951], "size": [2.5, 9, 0], "uv": [36, 60], "inflate": 0}
				]
			},
			{
				"name": "bone51",
				"parent": "bone49",
				"pivot": [2.5, 4.65782, 4.47051],
				"rotation": [0, 0, -9.85108],
				"cubes": [
					{"origin": [2, 1.65782, 4.47151], "size": [2.5, 9, 0], "uv": [32, 60], "inflate": 0}
				]
			},
			{
				"name": "bone52",
				"parent": "bone32",
				"pivot": [0, 5, 0],
				"rotation": [0, -90, 0]
			},
			{
				"name": "bone53",
				"parent": "bone52",
				"pivot": [0, 5, 4.47051],
				"rotation": [10, 0, 0],
				"cubes": [
					{"origin": [-2.5, 1.65782, 4.47051], "size": [5, 9, 0], "uv": [38, 51], "inflate": 0}
				]
			},
			{
				"name": "bone54",
				"parent": "bone53",
				"pivot": [-2.5, 4.65782, 4.47051],
				"rotation": [0, 0, 9.85108],
				"cubes": [
					{"origin": [-4.5, 1.65782, 4.46951], "size": [2.5, 9, 0], "uv": [28, 60], "inflate": 0}
				]
			},
			{
				"name": "bone55",
				"parent": "bone53",
				"pivot": [2.5, 4.65782, 4.47051],
				"rotation": [0, 0, -9.85108],
				"cubes": [
					{"origin": [2, 1.65782, 4.47151], "size": [2.5, 9, 0], "uv": [58, 2], "inflate": 0}
				]
			},
			{
				"name": "bone56",
				"parent": "bone32",
				"pivot": [0, 5, 0],
				"rotation": [0, -180, 0]
			},
			{
				"name": "bone57",
				"parent": "bone56",
				"pivot": [0, 5, 4.47051],
				"rotation": [10, 0, 0],
				"cubes": [
					{"origin": [-3, 1.65782, 4.47051], "size": [6, 9, 0], "uv": [32, 2], "inflate": 0}
				]
			},
			{
				"name": "bone8",
				"parent": "bone57",
				"pivot": [-2.5, 4.65782, 4.47051],
				"rotation": [0, 0, 9.85108],
				"cubes": [
					{"origin": [-4.5, 1.65782, 4.49451], "size": [2, 9, 0], "uv": [56, 19], "inflate": 0}
				]
			},
			{
				"name": "bone9",
				"parent": "bone57",
				"pivot": [4.5, 4.65782, 4.47051],
				"rotation": [0, 0, -9.85108],
				"cubes": [
					{"origin": [2.52949, 2, 4.47151], "size": [2, 9, 0], "uv": [8, 56], "inflate": 0}
				]
			},
			{
				"name": "bone60",
				"parent": "bone32",
				"pivot": [0, 5, 0],
				"rotation": [0, -270, 0]
			},
			{
				"name": "bone61",
				"parent": "bone60",
				"pivot": [0, 5, 4.47051],
				"rotation": [10, 0, 0],
				"cubes": [
					{"origin": [-2.5, 1.65782, 4.47051], "size": [5, 9, 0], "uv": [28, 51], "inflate": 0}
				]
			},
			{
				"name": "bone62",
				"parent": "bone61",
				"pivot": [-2.5, 4.65782, 4.47051],
				"rotation": [0, 0, 9.85108],
				"cubes": [
					{"origin": [-4.5, 1.65782, 4.46951], "size": [2.7, 9, 0], "uv": [4, 56], "inflate": 0}
				]
			},
			{
				"name": "bone63",
				"parent": "bone61",
				"pivot": [2.5, 4.65782, 4.47051],
				"rotation": [0, 0, -9.85108],
				"cubes": [
					{"origin": [2, 1.65782, 4.47151], "size": [2.7, 9, 0], "uv": [0, 56], "inflate": 0}
				]
			},
			{
				"name": "lace2",
				"parent": "skirt",
				"pivot": [0, 18.5, 0],
				"rotation": [0, -90, 0]
			},
			{
				"name": "clothLeft",
				"parent": "body",
				"pivot": [2.9, 15, -3.5],
				"rotation": [0, 0, 20],
				"cubes": [
					{"origin": [0.9, 15, -3.501], "size": [4, 3, 7], "uv": [37, 41]}
				]
			},
			{
				"name": "clothRight",
				"parent": "body",
				"pivot": [-2.9, 15, -3.5],
				"rotation": [0, 0, -20],
				"cubes": [
					{"origin": [-4.9, 15, -3.501], "size": [4, 3, 7], "uv": [15, 41]}
				]
			},
			{
				"name": "clothMid",
				"parent": "body",
				"pivot": [0, 15.8, -3.5],
				"cubes": [
					{"origin": [-2, 15.5, -3.501], "size": [4, 3, 7], "uv": [0, 34]}
				]
			},
			{
				"name": "armRight",
				"pivot": [-3, 17.5, 0],
				"rotation": [0, 0, 25],
				"cubes": [
					{"origin": [-4, 9, -1], "size": [2, 8, 2], "uv": [52, 32]}
				]
			},
			{
				"name": "bone70",
				"parent": "armRight",
				"pivot": [-3, 14, 0]
			},
			{
				"name": "bone71",
				"parent": "bone70",
				"pivot": [-3, 14, -0.9],
				"rotation": [-10, 0, 0],
				"cubes": [
					{"origin": [-4.5, 10, -1.4], "size": [3, 5, 2], "uv": [53, 12]}
				]
			},
			{
				"name": "bone72",
				"parent": "armRight",
				"pivot": [-3, 14, 0.4]
			},
			{
				"name": "bone73",
				"parent": "bone72",
				"pivot": [-3, 14, 0.7],
				"rotation": [10, 0, 0],
				"cubes": [
					{"origin": [-4.475, 10, -0.8], "size": [3, 5, 2], "uv": [30, 41]}
				]
			},
			{
				"name": "legRight",
				"pivot": [-1.75, 9, 0],
				"cubes": [
					{"origin": [-3.25, 0, -1.5], "size": [3, 9, 3], "uv": [44, 20]}
				]
			},
			{
				"name": "armLeft",
				"pivot": [3, 17.5, 0],
				"rotation": [0, 0, -25],
				"cubes": [
					{"origin": [2, 9, -1], "size": [2, 8, 2], "uv": [50, 2]}
				]
			},
			{
				"name": "bone6",
				"parent": "armLeft",
				"pivot": [3, 14, 0]
			},
			{
				"name": "bone11",
				"parent": "bone6",
				"pivot": [3, 14, -0.9],
				"rotation": [-10, 0, 0],
				"cubes": [
					{"origin": [1.5, 10, -1.4], "size": [3, 5, 2], "uv": [32, 20]}
				]
			},
			{
				"name": "bone12",
				"parent": "armLeft",
				"pivot": [3, 14, 0.4]
			},
			{
				"name": "bone13",
				"parent": "bone12",
				"pivot": [3, 14, 0.7],
				"rotation": [10, 0, 0],
				"cubes": [
					{"origin": [1.475, 10, -0.8], "size": [3, 5, 2], "uv": [15, 34]}
				]
			},
			{
				"name": "legLeft",
				"pivot": [1.75, 9, 0],
				"cubes": [
					{"origin": [0.25, 0, -1.5], "size": [3, 9, 3], "uv": [0, 44]}
				]
			},
			{
				"name": "wingRight",
				"pivot": [-0.75, 15, 4],
				"rotation": [0, -75, 0]
			},
			{
				"name": "leggingsRight",
				"parent": "wingRight",
				"pivot": [-0.5, 15, 5],
				"rotation": [0, 0, 0],
				"cubes": [
					{"origin": [-0.5, 10, 7.26345], "size": [0, 11, 16], "uv": [62, -15]}
				]
			},
			{
				"name": "bootsRight",
				"parent": "wingRight",
				"pivot": [-0.5, 13, 5],
				"rotation": [-27.5, -5, 0],
				"cubes": [
					{"origin": [-0.5, 8, 7.26345], "size": [0, 11, 16], "uv": [62, -15]}
				]
			},
			{
				"name": "chestPlateRight",
				"parent": "wingRight",
				"pivot": [-0.5, 17, 5],
				"rotation": [30, 10, 0],
				"cubes": [
					{"origin": [-0.5, 12, 7.26345], "size": [0, 11, 16], "uv": [62, -15]}
				]
			},
			{
				"name": "wingLeft",
				"pivot": [0.75, 15, 4],
				"rotation": [0, 75, 0]
			},
			{
				"name": "leggingsLeft",
				"parent": "wingLeft",
				"pivot": [0.5, 15, 5],
				"rotation": [0, 0, 0],
				"cubes": [
					{"origin": [0.5, 10, 7.26345], "size": [0, 11, 16], "uv": [62, -15], "mirror": true}
				]
			},
			{
				"name": "bootsLeft",
				"parent": "wingLeft",
				"pivot": [0.5, 13, 5],
				"rotation": [-27.5, 5, 0],
				"cubes": [
					{"origin": [0.5, 8, 7.26345], "size": [0, 11, 16], "uv": [62, -15], "mirror": true}
				]
			},
			{
				"name": "chestPlateLeft",
				"parent": "wingLeft",
				"pivot": [0.5, 17, 5],
				"rotation": [30, -10, 0],
				"cubes": [
					{"origin": [0.5, 12, 7.26345], "size": [0, 11, 16], "uv": [62, -15], "mirror": true}
				]
			}
		]
	}
}