{
	"credit": "Made with Blockbench",
	"parent": "create:block/large_wheels",
	"ambientocclusion": false,
	"texture_size": [32, 32],
	"textures": {
		"2": "block/spruce_log_top",
		"4": "create:block/mixer_base_side",
		"6": "create:block/mixer_head",
		"7": "create:block/waterwheel_metal",
		"11": "create:block/mechanical_press_top",
		"particle": "create:block/mixer_base_side",
		"1_2": "create:block/cogwheel",
		"mechanical_press_pole": "create:block/mechanical_press_pole"
	},
	"elements": [
		{
			"name": "Mixer wire 1",
			"from": [2.5, -4, 8],
			"to": [13.5, 6, 8],
			"rotation": {"angle": 22.5, "axis": "y", "origin": [8, 1.25, 8]},
			"faces": {
				"north": {"uv": [0, 0, 11, 10], "texture": "#6"},
				"south": {"uv": [0, 0, 11, 10], "texture": "#6"}
			}
		},
		{
			"name": "MixerCenter",
			"from": [7, -4, 7],
			"to": [9, 8, 9],
			"rotation": {"angle": 22.5, "axis": "y", "origin": [8, 1.25, 8]},
			"faces": {
				"north": {"uv": [12, 0, 14, 12], "texture": "#6"},
				"east": {"uv": [12, 0, 14, 12], "texture": "#6"},
				"south": {"uv": [12, 0, 14, 12], "texture": "#6"},
				"west": {"uv": [12, 0, 14, 12], "texture": "#6"},
				"down": {"uv": [12, 12, 14, 14], "texture": "#6"}
			}
		},
		{
			"name": "Mixer wire 2",
			"from": [8, -4, 2.5],
			"to": [8, 6, 13.5],
			"rotation": {"angle": 22.5, "axis": "y", "origin": [8, 1.25, 8]},
			"faces": {
				"east": {"uv": [0, 0, 11, 10], "texture": "#6"},
				"west": {"uv": [0, 0, 11, 10], "texture": "#6"}
			}
		},
		{
			"name": "polebase",
			"from": [5, 7, 5],
			"to": [11, 9, 11],
			"shade": false,
			"rotation": {"angle": 0, "axis": "y", "origin": [8, 9, 8]},
			"faces": {
				"north": {"uv": [10, 6, 16, 8], "texture": "#7"},
				"east": {"uv": [10, 6, 16, 8], "texture": "#7"},
				"south": {"uv": [10, 6, 16, 8], "texture": "#7"},
				"west": {"uv": [10, 6, 16, 8], "texture": "#7"},
				"up": {"uv": [10, 0, 16, 6], "texture": "#6"},
				"down": {"uv": [10, 0, 16, 6], "texture": "#7"}
			}
		},
		{
			"name": "Pole2Core",
			"from": [5, 19, 5],
			"to": [11, 32, 11],
			"rotation": {"angle": 0, "axis": "y", "origin": [8, 13, 8]},
			"faces": {
				"north": {"uv": [0, 0, 5, 13], "texture": "#mechanical_press_pole"},
				"east": {"uv": [0, 0, 5, 13], "texture": "#mechanical_press_pole"},
				"south": {"uv": [0, 0, 5, 13], "texture": "#mechanical_press_pole"},
				"west": {"uv": [0, 0, 5, 13], "texture": "#mechanical_press_pole"},
				"up": {"uv": [11, 1, 15, 5], "rotation": 180, "texture": "#mechanical_press_pole"}
			}
		},
		{
			"name": "Top",
			"from": [0, 17, 0],
			"to": [16, 23, 16],
			"rotation": {"angle": 0, "axis": "y", "origin": [8, 15, 8]},
			"faces": {
				"north": {"uv": [0, 0, 16, 6], "texture": "#4"},
				"east": {"uv": [0, 0, 16, 6], "texture": "#4"},
				"south": {"uv": [0, 0, 16, 6], "texture": "#4"},
				"west": {"uv": [0, 0, 16, 6], "texture": "#4"},
				"up": {"uv": [0, 0, 16, 16], "texture": "#11"},
				"down": {"uv": [0, 0, 16, 16], "texture": "#2"}
			}
		},
		{
			"name": "Bottom",
			"from": [0, 9, 0],
			"to": [16, 13, 16],
			"rotation": {"angle": 0, "axis": "y", "origin": [8, 15, 8]},
			"faces": {
				"north": {"uv": [0, 10, 16, 14], "texture": "#4"},
				"east": {"uv": [0, 10, 16, 14], "texture": "#4"},
				"south": {"uv": [0, 10, 16, 14], "texture": "#4"},
				"west": {"uv": [0, 10, 16, 14], "texture": "#4"},
				"up": {"uv": [0, 0, 16, 16], "texture": "#2"},
				"down": {"uv": [0, 0, 16, 16], "texture": "#11"}
			}
		},
		{
			"name": "Gear",
			"from": [-1, 13.5, 6.5],
			"to": [17, 16.5, 9.5],
			"rotation": {"angle": 0, "axis": "y", "origin": [0, 7, 0]},
			"faces": {
				"north": {"uv": [7, 8, 16, 9.5], "texture": "#1_2"},
				"east": {"uv": [5, 8, 6.5, 9.5], "texture": "#1_2"},
				"south": {"uv": [7, 8, 16, 9.5], "texture": "#1_2"},
				"west": {"uv": [5, 8, 6.5, 9.5], "texture": "#1_2"},
				"up": {"uv": [7, 6, 16, 7.5], "texture": "#1_2"},
				"down": {"uv": [7, 6, 16, 7.5], "texture": "#1_2"}
			}
		},
		{
			"name": "Gear2",
			"from": [-1, 13.5, 6.5],
			"to": [17, 16.5, 9.5],
			"rotation": {"angle": 45, "axis": "y", "origin": [8, 15, 8]},
			"faces": {
				"north": {"uv": [7, 8, 16, 9.5], "texture": "#1_2"},
				"east": {"uv": [5, 8, 6.5, 9.5], "texture": "#1_2"},
				"south": {"uv": [7, 8, 16, 9.5], "texture": "#1_2"},
				"west": {"uv": [5, 8, 6.5, 9.5], "texture": "#1_2"},
				"up": {"uv": [7, 6, 16, 7.5], "texture": "#1_2"},
				"down": {"uv": [7, 6, 16, 7.5], "texture": "#1_2"}
			}
		},
		{
			"name": "Gear3",
			"from": [-1, 13.5, 6.5],
			"to": [17, 16.5, 9.5],
			"rotation": {"angle": -45, "axis": "y", "origin": [8, 15, 8]},
			"faces": {
				"north": {"uv": [7, 8, 16, 9.5], "texture": "#1_2"},
				"east": {"uv": [5, 8, 6.5, 9.5], "texture": "#1_2"},
				"south": {"uv": [7, 8, 16, 9.5], "texture": "#1_2"},
				"west": {"uv": [5, 8, 6.5, 9.5], "texture": "#1_2"},
				"up": {"uv": [7, 6, 16, 7.5], "texture": "#1_2"},
				"down": {"uv": [7, 6, 16, 7.5], "texture": "#1_2"}
			}
		},
		{
			"name": "Gear4",
			"from": [6.5, 13.5, -1],
			"to": [9.5, 16.5, 17],
			"rotation": {"angle": 0, "axis": "y", "origin": [0, 7, 0]},
			"faces": {
				"north": {"uv": [5, 8, 6.5, 9.5], "texture": "#1_2"},
				"east": {"uv": [7, 8, 16, 9.5], "texture": "#1_2"},
				"south": {"uv": [5, 8, 6.5, 9.5], "texture": "#1_2"},
				"west": {"uv": [7, 8, 16, 9.5], "texture": "#1_2"},
				"up": {"uv": [7, 6, 16, 7.5], "rotation": 90, "texture": "#1_2"},
				"down": {"uv": [7, 6, 16, 7.5], "rotation": 90, "texture": "#1_2"}
			}
		},
		{
			"name": "GearCaseInner",
			"from": [2, 13.55, 2],
			"to": [14, 16.45, 14],
			"rotation": {"angle": 0, "axis": "y", "origin": [0, 7, 0]},
			"faces": {
				"north": {"uv": [0, 6, 6, 7.5], "texture": "#1_2"},
				"east": {"uv": [0, 6, 6, 7.5], "texture": "#1_2"},
				"south": {"uv": [0, 6, 6, 7.5], "texture": "#1_2"},
				"west": {"uv": [0, 6, 6, 7.5], "texture": "#1_2"},
				"up": {"uv": [4, 0, 10, 6], "texture": "#1_2"},
				"down": {"uv": [4, 0, 10, 6], "texture": "#1_2"}
			}
		},
		{
			"name": "Bottom",
			"from": [0, 13, 0],
			"to": [16, 17, 16],
			"rotation": {"angle": 0, "axis": "y", "origin": [0, 11, 0]},
			"faces": {
				"north": {"uv": [0, 6, 16, 10], "texture": "#4"},
				"east": {"uv": [0, 6, 16, 10], "texture": "#4"},
				"south": {"uv": [0, 6, 16, 10], "texture": "#4"},
				"west": {"uv": [0, 6, 16, 10], "texture": "#4"},
				"up": {"uv": [0, 3, 16, 11], "texture": "#missing"},
				"down": {"uv": [0, 3, 16, 11], "texture": "#missing"}
			}
		}
	],
	"display": {
		"thirdperson_righthand": {
			"rotation": [75, 45, 0],
			"translation": [0, 2.5, 0],
			"scale": [0.375, 0.375, 0.375]
		},
		"thirdperson_lefthand": {
			"rotation": [75, 45, 0],
			"translation": [0, 2.5, 0],
			"scale": [0.375, 0.375, 0.375]
		},
		"firstperson_righthand": {
			"rotation": [0, 45, 0],
			"scale": [0.4, 0.4, 0.4]
		},
		"firstperson_lefthand": {
			"rotation": [0, 225, 0],
			"scale": [0.4, 0.4, 0.4]
		},
		"ground": {
			"translation": [0, 3, 0],
			"scale": [0.25, 0.25, 0.25]
		},
		"gui": {
			"rotation": [30, 225, 0],
			"translation": [0, -2.25, 0],
			"scale": [0.45, 0.45, 0.45]
		},
		"fixed": {
			"translation": [0, -3, 0],
			"scale": [0.5, 0.5, 0.5]
		}
	},
	"groups": [
		{
			"name": "item",
			"origin": [8, 8, 8],
			"color": 0,
			"children": [
				{
					"name": "mixerhead",
					"origin": [8, 8, 8],
					"color": 0,
					"children": [0, 1, 2]
				},
				{
					"name": "mechanical_press_head",
					"origin": [8, 8, 8],
					"color": 0,
					"children": [3, 4]
				},
				{
					"name": "mixer_base",
					"origin": [8, 8, 8],
					"color": 0,
					"children": [
						{
							"name": "mixerbase",
							"origin": [8, 8, 8],
							"color": 0,
							"children": [5, 6]
						}
					]
				}
			]
		},
		{
			"name": "cogwheel_shaftless",
			"origin": [8, 8, 8],
			"color": 0,
			"children": [7, 8, 9, 10, 11]
		},
		12
	]
}