{
	"credit": "Made with Blockbench",
	"parent": "block/cube",
	"textures": {
		"3": "create:block/cuckoo_clock"
	},
	"elements": [
		{
			"name": "CreeperFront",
			"from": [-3.5, 11, 7.5],
			"to": [-3, 11.5, 8.5],
			"rotation": {"angle": 0, "axis": "y", "origin": [6, 18, 12]},
			"faces": {
				"north": {"uv": [8.5, 9, 9, 9.5], "texture": "#3"},
				"east": {"uv": [8.5, 9, 9, 9.5], "texture": "#3"},
				"south": {"uv": [8.5, 9, 9, 9.5], "texture": "#3"},
				"west": {"uv": [8.5, 9, 9, 9.5], "texture": "#3"},
				"up": {"uv": [8.5, 9, 9, 9.5], "texture": "#3"},
				"down": {"uv": [8.5, 9, 9, 9.5], "texture": "#3"}
			}
		},
		{
			"name": "CreeperBody",
			"from": [-3, 11.5, 7.5],
			"to": [-2.5, 12.5, 8.5],
			"rotation": {"angle": 0, "axis": "y", "origin": [6, 17, 12]},
			"faces": {
				"north": {"uv": [8.5, 9.5, 9, 10], "texture": "#3"},
				"east": {"uv": [8.5, 9.5, 9, 10], "texture": "#3"},
				"south": {"uv": [8.5, 9.5, 9, 10], "texture": "#3"},
				"west": {"uv": [8.5, 9.5, 9, 10], "texture": "#3"},
				"up": {"uv": [8.5, 9.5, 9, 10], "texture": "#3"},
				"down": {"uv": [8.5, 9.5, 9, 10], "texture": "#3"}
			}
		},
		{
			"name": "CreeperHead",
			"from": [-3.25, 12.5, 7.5],
			"to": [-2.25, 13.5, 8.5],
			"rotation": {"angle": 0, "axis": "y", "origin": [6, 17, 12]},
			"faces": {
				"north": {"uv": [8.5, 9.5, 9, 10], "texture": "#3"},
				"east": {"uv": [8.5, 9.5, 9, 10], "texture": "#3"},
				"south": {"uv": [8.5, 9.5, 9, 10], "texture": "#3"},
				"west": {"uv": [8.5, 9.5, 9, 10], "texture": "#3"},
				"up": {"uv": [8.5, 9.5, 9, 10], "texture": "#3"},
				"down": {"uv": [8.5, 9.5, 9, 10], "texture": "#3"}
			}
		},
		{
			"name": "CreeperBack",
			"from": [-2.5, 11, 7.5],
			"to": [-2, 11.5, 8.5],
			"rotation": {"angle": 0, "axis": "y", "origin": [9, 17, 12]},
			"faces": {
				"north": {"uv": [8.5, 9, 9, 9.5], "texture": "#3"},
				"east": {"uv": [8.5, 9, 9, 9.5], "texture": "#3"},
				"south": {"uv": [8.5, 9, 9, 9.5], "texture": "#3"},
				"west": {"uv": [8.5, 9, 9, 9.5], "texture": "#3"},
				"up": {"uv": [8.5, 9, 9, 9.5], "texture": "#3"},
				"down": {"uv": [8.5, 9, 9, 9.5], "texture": "#3"}
			}
		},
		{
			"name": "Platform",
			"from": [-4, 10.175, 7],
			"to": [3, 11, 9],
			"rotation": {"angle": 0, "axis": "y", "origin": [6.5, 18, 11.75]},
			"faces": {
				"north": {"uv": [12.5, 7.5, 16, 8], "texture": "#3"},
				"east": {"uv": [13, 7.5, 13.5, 8.5], "rotation": 90, "texture": "#3"},
				"south": {"uv": [12.5, 7.5, 16, 8], "texture": "#3"},
				"west": {"uv": [13, 7.5, 13.5, 8.5], "rotation": 90, "texture": "#3"},
				"up": {"uv": [12.5, 7.5, 16, 8.5], "texture": "#3"},
				"down": {"uv": [12.5, 7.5, 16, 8.5], "texture": "#3"}
			}
		}
	],
	"groups": [
		{
			"name": "Creeper",
			"origin": [6, 17, 12],
			"children": [0, 1, 2, 3, 4]
		}
	]
}