{
	"credit": "Made with Blockbench",
	"parent": "block/block",
	"textures": {
		"0": "create:block/axis",
		"1": "create:block/axis_top",
		"particle": "create:block/axis"
	},
	"elements": [
		{
			"name": "Axis",
			"from": [6, 6, 8.0625],
			"to": [10, 10, 16.0625],
			"faces": {
				"north": {"uv": [6, 6, 10, 10], "rotation": 180, "texture": "#1"},
				"east": {"uv": [6, 0, 10, 8], "rotation": 270, "texture": "#0"},
				"south": {"uv": [6, 6, 10, 10], "texture": "#1"},
				"west": {"uv": [6, 0, 10, 8], "rotation": 90, "texture": "#0"},
				"up": {"uv": [6, 0, 10, 8], "rotation": 180, "texture": "#0"},
				"down": {"uv": [6, 0, 10, 8], "texture": "#0"}
			}
		}
	]
}