{
	"credit": "Made with Blockbench",
	"parent": "block/block",
	"textures": {
		"5": "create:block/pulley_rope"
	},
	"elements": [
		{
			"name": "coil",
			"from": [4, 4, 2],
			"to": [12, 12, 14],
			"rotation": {"angle": -45, "axis": "z", "origin": [8, 8, -10]},
			"faces": {
				"east": {"uv": [0, 0, 12, 8], "texture": "#5"},
				"west": {"uv": [0, 0, 12, 8], "texture": "#5"},
				"up": {"uv": [0, 0, 12, 8], "rotation": 90, "texture": "#5"},
				"down": {"uv": [0, 0, 12, 8], "rotation": 90, "texture": "#5"}
			}
		}
	]
}