{
  "variants": {
    "facing=down": {
      "model": "minecraft:block/redstoneblock/hopper1"
    },
    "facing=east": {
      "model": "minecraft:block/redstoneblock/hopper_side1",
      "y": 90
    },
    "facing=north": {
      "model": "minecraft:block/redstoneblock/hopper_side1"
    },
    "facing=south": {
      "model": "minecraft:block/redstoneblock/hopper_side1",
      "y": 180
    },
    "facing=west": {
      "model": "minecraft:block/redstoneblock/hopper_side1",
      "y": 270
    }
  }
}