{
    "variants": {
        "": [ { "model": "block/leaves/jungle_leaves2" , "y": 90 , "weight": 1 }
             ,{ "model": "block/leaves/jungle_leaves2" , "y": 180 , "weight": 1 }
             ,{ "model": "block/leaves/jungle_leaves2" , "y": 270 , "weight": 1 }
             ,{ "model": "block/leaves/jungle_leaves2" , "y": 0 , "weight": 1 }
             ,{ "model": "block/leaves/jungle_leaves1" , "y": 0 , "weight": 20 }
             ,{ "model": "block/leaves/jungle_leaves1" , "y": 90 , "weight": 20 }
             ,{ "model": "block/leaves/jungle_leaves1" , "y": 270 , "weight": 20 }
             ,{ "model": "block/leaves/jungle_leaves1" , "y": 180 , "weight": 20 } ]   }
}