{
	"credit": "Made with Blockbench",
	"parent": "minecraft:block/carpet",
	"textures": {
		"2": "block/moss_block",
		"particle": "block/moss_block",
		"wool": "block/moss_block2"
	},
	"elements": [
		{
			"from": [-0.01, 0, -0.01],
			"to": [16.01, 1, 16.01],
			"faces": {
				"north": {"uv": [0, 0, 16, 1], "texture": "#2", "cullface": "north"},
				"east": {"uv": [0, 0, 16, 1], "texture": "#2", "cullface": "east"},
				"south": {"uv": [0, 0, 16, 1], "texture": "#2", "cullface": "south"},
				"west": {"uv": [0, 0, 16, 1], "texture": "#2", "cullface": "west"},
				"up": {"uv": [0, 0, 16, 16], "texture": "#2"},
				"down": {"uv": [0, 0, 16, 16], "texture": "#2", "cullface": "down"}
			}
		},
		{
			"from": [-0.01, 0, 0],
			"to": [-0.01, -6, 16],
			"faces": {
				"east": {"uv": [0, 0, 16, 6], "texture": "#wool"},
				"west": {"uv": [0, 0, 16, 6], "texture": "#wool", "cullface": "west"}
			}
		},
		{
			"from": [0, 0, -0.01],
			"to": [16, -6, -0.01],
			"faces": {
				"north": {"uv": [0, 0, 16, 6], "texture": "#wool", "cullface": "north"},
				"south": {"uv": [0, 0, 16, 6], "texture": "#wool"}
			}
		},
		{
			"from": [0, 0, 16.01],
			"to": [16, -6, 16.01],
			"faces": {
				"north": {"uv": [0, 0, 16, 6], "texture": "#wool"},
				"south": {"uv": [0, 0, 16, 6], "texture": "#wool", "cullface": "south"}
			}
		},
		{
			"from": [16.01, 0, 16],
			"to": [16.01, -6, 0],
			"faces": {
				"east": {"uv": [0, 0, 16, 6], "texture": "#wool"},
				"west": {"uv": [0, 0, 16, 6], "texture": "#wool", "cullface": "west"}
			}
		}
	]
}