{
	"credit": "Made by YSBB with Blockbench",
	"parent": "block/thin_block",
	"textures": {
		"2": "block/snow2",
		"particle": "block/snow",
		"texture": "block/snow"
	},
	"elements": [
		{
			"from": [-0.01, -2, 0],
			"to": [-0.01, 0, 16],
			"rotation": {"angle": 0, "axis": "y", "origin": [-0.01, -4.25, 8]},
			"faces": {
				"west": {"uv": [0, 0, 16, 2], "texture": "#2", "cullface": "west"}
			}
		},
		{
			"from": [-0.01, -3, 0],
			"to": [-0.01, -2, 12],
			"rotation": {"angle": 0, "axis": "y", "origin": [-0.01, -4.25, 8]},
			"faces": {
				"west": {"uv": [0, 2, 12, 3], "texture": "#2", "cullface": "west"}
			}
		},
		{
			"from": [-0.01, -3, 13],
			"to": [-0.01, -2, 16],
			"rotation": {"angle": 0, "axis": "y", "origin": [-0.01, -4.25, 8]},
			"faces": {
				"west": {"uv": [13, 2, 16, 3], "texture": "#2", "cullface": "west"}
			}
		},
		{
			"from": [-0.01, -4, 1],
			"to": [-0.01, -3, 2],
			"rotation": {"angle": 0, "axis": "y", "origin": [-0.01, -4.25, 8]},
			"faces": {
				"west": {"uv": [1, 3, 2, 4], "texture": "#2", "cullface": "west"}
			}
		},
		{
			"from": [-0.01, -5, 4],
			"to": [-0.01, -4, 5],
			"rotation": {"angle": 0, "axis": "y", "origin": [-0.01, -4.25, 8]},
			"faces": {
				"west": {"uv": [4, 4, 5, 5], "texture": "#2", "cullface": "west"}
			}
		},
		{
			"from": [-0.01, -4, 3],
			"to": [-0.01, -3, 7],
			"rotation": {"angle": 0, "axis": "y", "origin": [-0.01, -4.25, 8]},
			"faces": {
				"west": {"uv": [3, 3, 7, 4], "texture": "#2", "cullface": "west"}
			}
		},
		{
			"from": [-0.01, -4, 9],
			"to": [-0.01, -3, 11],
			"rotation": {"angle": 0, "axis": "y", "origin": [-0.01, -4.25, 8]},
			"faces": {
				"west": {"uv": [9, 3, 11, 4], "texture": "#2", "cullface": "west"}
			}
		},
		{
			"from": [-0.01, -4, 14],
			"to": [-0.01, -3, 15],
			"rotation": {"angle": 0, "axis": "y", "origin": [-0.01, -4.25, 8]},
			"faces": {
				"west": {"uv": [14, 3, 15, 4], "texture": "#2", "cullface": "west"}
			}
		},
		{
			"from": [0, -2, 16.01],
			"to": [16, 0, 16.01],
			"rotation": {"angle": 0, "axis": "y", "origin": [0, -4.25, 8]},
			"faces": {
				"south": {"uv": [0, 0, 16, 2], "texture": "#2", "cullface": "south"}
			}
		},
		{
			"from": [0, -3, 16.01],
			"to": [12, -2, 16.01],
			"rotation": {"angle": 0, "axis": "y", "origin": [0, -4.25, 8]},
			"faces": {
				"south": {"uv": [0, 2, 12, 3], "texture": "#2", "cullface": "south"}
			}
		},
		{
			"from": [13, -3, 16.01],
			"to": [16, -2, 16.01],
			"rotation": {"angle": 0, "axis": "y", "origin": [0, -4.25, 8]},
			"faces": {
				"south": {"uv": [13, 2, 16, 3], "texture": "#2", "cullface": "south"}
			}
		},
		{
			"from": [1, -4, 16.01],
			"to": [2, -3, 16.01],
			"rotation": {"angle": 0, "axis": "y", "origin": [0, -4.25, 8]},
			"faces": {
				"south": {"uv": [1, 3, 2, 4], "texture": "#2", "cullface": "south"}
			}
		},
		{
			"from": [4, -5, 16.01],
			"to": [5, -4, 16.01],
			"rotation": {"angle": 0, "axis": "y", "origin": [0, -4.25, 8]},
			"faces": {
				"south": {"uv": [4, 4, 5, 5], "texture": "#2", "cullface": "south"}
			}
		},
		{
			"from": [3, -4, 16.01],
			"to": [7, -3, 16.01],
			"rotation": {"angle": 0, "axis": "y", "origin": [0, -4.25, 8]},
			"faces": {
				"south": {"uv": [3, 3, 7, 4], "texture": "#2", "cullface": "south"}
			}
		},
		{
			"from": [9, -4, 16.01],
			"to": [11, -3, 16.01],
			"rotation": {"angle": 0, "axis": "y", "origin": [0, -4.25, 8]},
			"faces": {
				"south": {"uv": [9, 3, 11, 4], "texture": "#2", "cullface": "south"}
			}
		},
		{
			"from": [14, -4, 16.01],
			"to": [15, -3, 16.01],
			"rotation": {"angle": 0, "axis": "y", "origin": [0, -4.25, 8]},
			"faces": {
				"south": {"uv": [14, 3, 15, 4], "texture": "#2", "cullface": "south"}
			}
		},
		{
			"from": [16.01, -2, 0],
			"to": [16.01, 0, 16],
			"rotation": {"angle": 0, "axis": "y", "origin": [8, -4.25, 16]},
			"faces": {
				"east": {"uv": [0, 0, 16, 2], "texture": "#2", "cullface": "east"}
			}
		},
		{
			"from": [16.01, -3, 4],
			"to": [16.01, -2, 16],
			"rotation": {"angle": 0, "axis": "y", "origin": [8, -4.25, 16]},
			"faces": {
				"east": {"uv": [0, 2, 12, 3], "texture": "#2", "cullface": "east"}
			}
		},
		{
			"from": [16.01, -3, 0],
			"to": [16.01, -2, 3],
			"rotation": {"angle": 0, "axis": "y", "origin": [8, -4.25, 16]},
			"faces": {
				"east": {"uv": [13, 2, 16, 3], "texture": "#2", "cullface": "east"}
			}
		},
		{
			"from": [16.01, -4, 14],
			"to": [16.01, -3, 15],
			"rotation": {"angle": 0, "axis": "y", "origin": [8, -4.25, 16]},
			"faces": {
				"east": {"uv": [1, 3, 2, 4], "texture": "#2", "cullface": "east"}
			}
		},
		{
			"from": [16.01, -5, 11],
			"to": [16.01, -4, 12],
			"rotation": {"angle": 0, "axis": "y", "origin": [8, -4.25, 16]},
			"faces": {
				"east": {"uv": [4, 4, 5, 5], "texture": "#2", "cullface": "east"}
			}
		},
		{
			"from": [16.01, -4, 9],
			"to": [16.01, -3, 13],
			"rotation": {"angle": 0, "axis": "y", "origin": [8, -4.25, 16]},
			"faces": {
				"east": {"uv": [3, 3, 7, 4], "texture": "#2", "cullface": "east"}
			}
		},
		{
			"from": [16.01, -4, 5],
			"to": [16.01, -3, 7],
			"rotation": {"angle": 0, "axis": "y", "origin": [8, -4.25, 16]},
			"faces": {
				"east": {"uv": [9, 3, 11, 4], "texture": "#2", "cullface": "east"}
			}
		},
		{
			"from": [16.01, -4, 1],
			"to": [16.01, -3, 2],
			"rotation": {"angle": 0, "axis": "y", "origin": [8, -4.25, 16]},
			"faces": {
				"east": {"uv": [14, 3, 15, 4], "texture": "#2", "cullface": "east"}
			}
		},
		{
			"from": [0, -2, -0.01],
			"to": [16, 0, -0.01],
			"rotation": {"angle": 0, "axis": "y", "origin": [0, -4.25, 8]},
			"faces": {
				"north": {"uv": [0, 0, 16, 2], "texture": "#2", "cullface": "north"}
			}
		},
		{
			"from": [4, -3, -0.01],
			"to": [16, -2, -0.01],
			"rotation": {"angle": 0, "axis": "y", "origin": [0, -4.25, 8]},
			"faces": {
				"north": {"uv": [0, 2, 12, 3], "texture": "#2", "cullface": "north"}
			}
		},
		{
			"from": [0, -3, -0.01],
			"to": [3, -2, -0.01],
			"rotation": {"angle": 0, "axis": "y", "origin": [0, -4.25, 8]},
			"faces": {
				"north": {"uv": [13, 2, 16, 3], "texture": "#2", "cullface": "north"}
			}
		},
		{
			"from": [14, -4, -0.01],
			"to": [15, -3, -0.01],
			"rotation": {"angle": 0, "axis": "y", "origin": [0, -4.25, 8]},
			"faces": {
				"north": {"uv": [1, 3, 2, 4], "texture": "#2", "cullface": "north"}
			}
		},
		{
			"from": [11, -5, -0.01],
			"to": [12, -4, -0.01],
			"rotation": {"angle": 0, "axis": "y", "origin": [0, -4.25, 8]},
			"faces": {
				"north": {"uv": [4, 4, 5, 5], "texture": "#2", "cullface": "north"}
			}
		},
		{
			"from": [9, -4, -0.01],
			"to": [13, -3, -0.01],
			"rotation": {"angle": 0, "axis": "y", "origin": [0, -4.25, 8]},
			"faces": {
				"north": {"uv": [3, 3, 7, 4], "texture": "#2", "cullface": "north"}
			}
		},
		{
			"from": [5, -4, -0.01],
			"to": [7, -3, -0.01],
			"rotation": {"angle": 0, "axis": "y", "origin": [0, -4.25, 8]},
			"faces": {
				"north": {"uv": [9, 3, 11, 4], "texture": "#2", "cullface": "north"}
			}
		},
		{
			"from": [1, -4, -0.01],
			"to": [2, -3, -0.01],
			"rotation": {"angle": 0, "axis": "y", "origin": [0, -4.25, 8]},
			"faces": {
				"north": {"uv": [14, 3, 15, 4], "texture": "#2", "cullface": "north"}
			}
		},
		{
			"from": [-0.009, 0, -0.009],
			"to": [16.009, 2, 16.009],
			"faces": {
				"north": {"uv": [0, 14, 16, 16], "texture": "#texture", "cullface": "north"},
				"east": {"uv": [0, 14, 16, 16], "texture": "#texture", "cullface": "east"},
				"south": {"uv": [0, 14, 16, 16], "texture": "#texture", "cullface": "south"},
				"west": {"uv": [0, 14, 16, 16], "texture": "#texture", "cullface": "west"},
				"up": {"uv": [0, 0, 16, 16], "texture": "#texture"},
				"down": {"uv": [0, 0, 16, 16], "texture": "#texture", "cullface": "down"}
			}
		}
	],
	"groups": [
		{
			"name": "group",
			"origin": [0, 0, 0],
			"color": 0,
			"nbt": "{}",
			"children": [
				0,
				1,
				2,
				3,
				4,
				5,
				6,
				7,
				{
					"name": "group",
					"origin": [0, 0, 0],
					"color": 0,
					"nbt": "{}",
					"children": []
				}
			]
		},
		{
			"name": "group",
			"origin": [0, 0, 0],
			"color": 0,
			"nbt": "{}",
			"children": [
				8,
				9,
				10,
				11,
				12,
				13,
				14,
				15,
				{
					"name": "group",
					"origin": [0, 0, 0],
					"color": 0,
					"nbt": "{}",
					"children": [16, 17, 18, 19, 20, 21, 22, 23]
				}
			]
		},
		{
			"name": "group",
			"origin": [0, 0, 0],
			"color": 0,
			"nbt": "{}",
			"children": [
				24,
				25,
				26,
				27,
				28,
				29,
				30,
				31,
				{
					"name": "group",
					"origin": [0, 0, 0],
					"color": 0,
					"nbt": "{}",
					"children": []
				}
			]
		},
		32
	]
}