{
	"credit": "Made with Blockbench",
	"textures": {
		"1": "block/mogu/red_mushroom",
		"particle": "block/mogu/red_mushroom"
	},
	"elements": [
		{
			"from": [4.05, 0, 4.2],
			"to": [5.8, 3, 5.95],
			"rotation": {"angle": 0, "axis": "y", "origin": [8.41667, 3.83333, 8.18333]},
			"faces": {
				"north": {"uv": [7, 14, 9, 16], "texture": "#1"},
				"east": {"uv": [7, 14, 9, 16], "texture": "#1"},
				"south": {"uv": [7, 14, 9, 16], "texture": "#1"},
				"west": {"uv": [7, 14, 9, 16], "texture": "#1"}
			}
		},
		{
			"from": [2.55, 6, 2.65],
			"to": [7.55, 9, 7.65],
			"rotation": {"angle": 0, "axis": "y", "origin": [8.41667, 3.83333, 8.18333]},
			"faces": {
				"north": {"uv": [5, 10, 11, 14], "texture": "#1"},
				"east": {"uv": [5, 10, 11, 14], "texture": "#1"},
				"south": {"uv": [5, 10, 11, 14], "texture": "#1"},
				"west": {"uv": [11, 10, 5, 14], "texture": "#1"},
				"up": {"uv": [5, 4, 11, 10], "texture": "#1"}
			}
		},
		{
			"from": [1.5, 3, 1.5],
			"to": [8.5, 6, 8.5],
			"rotation": {"angle": 0, "axis": "y", "origin": [8.41667, 3.83333, 8.18333]},
			"faces": {
				"north": {"uv": [5, 0, 15, 4], "texture": "#1"},
				"east": {"uv": [5, 0, 15, 4], "texture": "#1"},
				"south": {"uv": [5, 0, 15, 4], "texture": "#1"},
				"west": {"uv": [15, 0, 5, 4], "texture": "#1"},
				"up": {"uv": [11, 10, 5, 4], "texture": "#1"},
				"down": {"uv": [7, 14, 9, 16], "texture": "#1"}
			}
		},
		{
			"from": [10.55, 4, 10.65],
			"to": [14.55, 6, 14.65],
			"rotation": {"angle": 0, "axis": "y", "origin": [8.41667, 3.83333, 8.18333]},
			"faces": {
				"north": {"uv": [5, 10, 11, 13], "texture": "#1"},
				"east": {"uv": [5, 10, 11, 13], "texture": "#1"},
				"south": {"uv": [5, 10, 11, 13], "texture": "#1"},
				"west": {"uv": [5, 10, 11, 13], "texture": "#1"},
				"up": {"uv": [11, 10, 16, 15], "texture": "#1"}
			}
		},
		{
			"from": [9.75, 2, 9.75],
			"to": [15.25, 4, 15.25],
			"rotation": {"angle": 0, "axis": "y", "origin": [8.41667, 3.83333, 8.18333]},
			"faces": {
				"north": {"uv": [5, 0, 15, 4], "texture": "#1"},
				"east": {"uv": [5, 0, 15, 4], "texture": "#1"},
				"south": {"uv": [5, 0, 14, 4], "texture": "#1"},
				"west": {"uv": [15, 0, 8, 4], "texture": "#1"},
				"up": {"uv": [11, 13, 5, 7], "texture": "#1"},
				"down": {"uv": [7, 14, 9, 16], "texture": "#1"}
			}
		},
		{
			"from": [11.8, 0, 11.95],
			"to": [13.05, 2, 13.2],
			"rotation": {"angle": 0, "axis": "y", "origin": [8.41667, 3.83333, 8.18333]},
			"faces": {
				"north": {"uv": [7, 14, 9, 15.75], "texture": "#1"},
				"east": {"uv": [7, 14, 9, 16], "texture": "#1"},
				"south": {"uv": [7, 14, 9, 16], "texture": "#1"},
				"west": {"uv": [7, 14, 9, 16], "texture": "#1"}
			}
		}
	],
	"groups": [
		{
			"name": "group",
			"origin": [0, 0, 0],
			"color": 0,
			"children": [
				0,
				{
					"name": "group",
					"origin": [0, 0, 0],
					"color": 0,
					"children": []
				},
				1,
				2
			]
		},
		3,
		4,
		5
	]
}