{
	"credit": "Made with Blockbench",
	"textures": {
		"0": "block/mogu/warped_fungus",
		"particle": "block/mogu/warped_fungus"
	},
	"elements": [
		{
			"from": [1.75, 6, 1.25],
			"to": [9.75, 8, 9.25],
			"rotation": {"angle": 0, "axis": "y", "origin": [5.75, 3.5, 5.25]},
			"faces": {
				"north": {"uv": [4, 8, 12, 10], "texture": "#0"},
				"east": {"uv": [4, 8, 12, 10], "texture": "#0"},
				"south": {"uv": [4, 8, 12, 10], "texture": "#0"},
				"west": {"uv": [4, 8, 12, 10], "texture": "#0"},
				"up": {"uv": [0, 0, 8, 8], "rotation": 270, "texture": "#0"},
				"down": {"uv": [7, 14, 9, 16], "rotation": 90, "texture": "#0"}
			}
		},
		{
			"from": [5, 0, 4.5],
			"to": [6.5, 6, 6],
			"rotation": {"angle": 0, "axis": "y", "origin": [5.75, 3.5, 5.25]},
			"faces": {
				"north": {"uv": [7, 11, 9, 15], "texture": "#0"},
				"east": {"uv": [7, 11, 9, 15], "texture": "#0"},
				"south": {"uv": [7, 11, 9, 15], "texture": "#0"},
				"west": {"uv": [7, 11, 9, 15], "texture": "#0"}
			}
		},
		{
			"from": [9.25, 4.5, 9.75],
			"to": [14, 6, 14.5],
			"rotation": {"angle": 0, "axis": "y", "origin": [12.75, 3.5, 12]},
			"faces": {
				"north": {"uv": [9, 2, 14, 4], "texture": "#0"},
				"east": {"uv": [9, 2, 14, 4], "texture": "#0"},
				"south": {"uv": [14, 4, 9, 2], "texture": "#0"},
				"west": {"uv": [9, 2, 14, 4], "texture": "#0"},
				"up": {"uv": [11, 11, 16, 16], "rotation": 270, "texture": "#0"},
				"down": {"uv": [7, 14, 9, 16], "rotation": 90, "texture": "#0"}
			}
		},
		{
			"from": [11.25, 0, 11.45],
			"to": [12.25, 4.5, 12.45],
			"rotation": {"angle": 0, "axis": "y", "origin": [12.75, 3.5, 12]},
			"faces": {
				"north": {"uv": [7, 11, 9, 15], "texture": "#0"},
				"east": {"uv": [7, 11, 9, 15], "texture": "#0"},
				"south": {"uv": [7, 11, 9, 15], "texture": "#0"},
				"west": {"uv": [7, 11, 9, 15], "texture": "#0"}
			}
		}
	],
	"display": {
		"thirdperson_righthand": {
			"translation": [0, 3.5, 1],
			"scale": [0.5, 0.5, 0.5]
		},
		"thirdperson_lefthand": {
			"translation": [0, 3.5, 0.75],
			"scale": [0.5, 0.5, 0.5]
		},
		"firstperson_righthand": {
			"translation": [3.5, 1, 0]
		},
		"firstperson_lefthand": {
			"translation": [4.5, 1.5, 0],
			"scale": [-1, 1, 1]
		},
		"ground": {
			"scale": [0.5, 0.5, 0.5]
		},
		"gui": {
			"translation": [-0.75, 2.75, 0]
		},
		"head": {
			"translation": [0, 10, -1.75],
			"scale": [0.5, 0.5, 0.5]
		},
		"fixed": {
			"rotation": [-43, -56, -6],
			"translation": [0, 3.25, -5]
		}
	},
	"groups": [
		{
			"name": "group",
			"origin": [0, 0, 0],
			"color": 0,
			"children": [0, 1]
		},
		{
			"name": "group",
			"origin": [0, 0, 0],
			"color": 0,
			"children": [2, 3]
		}
	]
}