{
	"credit": "Made with Blockbench",
	"textures": {
		"0": "block/mogu/warped_fungus",
		"particle": "block/mogu/warped_fungus"
	},
	"elements": [
		{
			"from": [5, 5, 4],
			"to": [13, 7, 12],
			"rotation": {"angle": 0, "axis": "y", "origin": [9, 5, 8]},
			"faces": {
				"north": {"uv": [4, 8, 12, 10], "texture": "#0"},
				"east": {"uv": [4, 8, 12, 10], "texture": "#0"},
				"south": {"uv": [4, 8, 12, 10], "texture": "#0"},
				"west": {"uv": [4, 8, 12, 10], "texture": "#0"},
				"up": {"uv": [0, 0, 8, 8], "texture": "#0"},
				"down": {"uv": [7, 14, 9, 16], "texture": "#0"}
			}
		},
		{
			"from": [8.25, 0, 7.25],
			"to": [9.75, 5, 8.75],
			"faces": {
				"north": {"uv": [7, 11, 9, 16], "texture": "#0"},
				"east": {"uv": [7, 11, 9, 16], "texture": "#0"},
				"south": {"uv": [7, 11, 9, 16], "texture": "#0"},
				"west": {"uv": [7, 11, 9, 16], "texture": "#0"}
			}
		}
	],
	"display": {
		"thirdperson_righthand": {
			"translation": [0, 3.5, 1],
			"scale": [0.5, 0.5, 0.5]
		},
		"thirdperson_lefthand": {
			"translation": [0, 3.5, 0.75],
			"scale": [0.5, 0.5, 0.5]
		},
		"firstperson_righthand": {
			"translation": [3.5, 1, 0]
		},
		"firstperson_lefthand": {
			"translation": [4.5, 1.5, 0],
			"scale": [-1, 1, 1]
		},
		"ground": {
			"scale": [0.5, 0.5, 0.5]
		},
		"gui": {
			"translation": [-0.75, 2.75, 0]
		},
		"head": {
			"translation": [0, 10, -1.75],
			"scale": [0.5, 0.5, 0.5]
		},
		"fixed": {
			"rotation": [-43, -56, -6],
			"translation": [0, 3.25, -5]
		}
	},
	"groups": [
		{
			"name": "group",
			"origin": [0, 0, 0],
			"color": 0,
			"children": [0, 1]
		}
	]
}