{
	"credit": "Made with Blockbench",
	"textures": {
		"0": "block/mogu/warped_fungus",
		"particle": "block/mogu/warped_fungus"
	},
	"elements": [
		{
			"from": [8.75, 6, 8.8],
			"to": [14, 7.75, 14.05],
			"rotation": {"angle": 0, "axis": "y", "origin": [12, 3.5, 11.3]},
			"faces": {
				"north": {"uv": [4, 8, 12, 10], "texture": "#0"},
				"east": {"uv": [4, 8, 12, 10], "texture": "#0"},
				"south": {"uv": [4, 8, 12, 10], "texture": "#0"},
				"west": {"uv": [4, 8, 12, 10], "texture": "#0"},
				"up": {"uv": [0, 0, 8, 8], "rotation": 270, "texture": "#0"},
				"down": {"uv": [7, 14, 9, 16], "rotation": 90, "texture": "#0"}
			}
		},
		{
			"from": [10.75, 0, 10.8],
			"to": [11.75, 6, 11.8],
			"rotation": {"angle": 0, "axis": "y", "origin": [12, 3.5, 11.3]},
			"faces": {
				"north": {"uv": [7, 11, 9, 15], "texture": "#0"},
				"east": {"uv": [7, 11, 9, 15], "texture": "#0"},
				"south": {"uv": [7, 11, 9, 15], "texture": "#0"},
				"west": {"uv": [7, 11, 9, 15], "texture": "#0"}
			}
		},
		{
			"from": [2, 4, 7.05],
			"to": [7.25, 5.75, 12.3],
			"rotation": {"angle": 0, "axis": "y", "origin": [3.5, 3.5, 6.8]},
			"faces": {
				"north": {"uv": [9, 4, 14, 2], "texture": "#0"},
				"east": {"uv": [14, 4, 9, 2], "texture": "#0"},
				"south": {"uv": [9, 4, 14, 2], "texture": "#0"},
				"west": {"uv": [9, 2, 14, 4], "texture": "#0"},
				"up": {"uv": [0, 0, 8, 8], "rotation": 180, "texture": "#0"},
				"down": {"uv": [7, 14, 9, 16], "rotation": 180, "texture": "#0"}
			}
		},
		{
			"from": [4, 0, 8.8],
			"to": [5, 4, 9.8],
			"rotation": {"angle": 0, "axis": "y", "origin": [3.5, 3.5, 6.8]},
			"faces": {
				"north": {"uv": [7, 11, 9, 15], "texture": "#0"},
				"east": {"uv": [7, 11, 9, 15], "texture": "#0"},
				"south": {"uv": [7, 11, 9, 15], "texture": "#0"},
				"west": {"uv": [7, 11, 9, 15], "texture": "#0"}
			}
		},
		{
			"from": [7.5, 3.5, 2.05],
			"to": [11.5, 4.75, 6.05],
			"rotation": {"angle": 0, "axis": "y", "origin": [9.25, 3.5, 3.55]},
			"faces": {
				"north": {"uv": [14, 2, 9, 4], "texture": "#0"},
				"east": {"uv": [14, 4, 9, 2], "texture": "#0"},
				"south": {"uv": [9, 2, 14, 4], "texture": "#0"},
				"west": {"uv": [9, 2, 14, 4], "texture": "#0"},
				"up": {"uv": [11, 11, 16, 16], "rotation": 180, "texture": "#0"},
				"down": {"uv": [7, 14, 9, 16], "rotation": 180, "texture": "#0"}
			}
		},
		{
			"from": [9, 0, 3.55],
			"to": [10, 3.5, 4.55],
			"rotation": {"angle": 0, "axis": "y", "origin": [9.25, 3.5, 3.55]},
			"faces": {
				"north": {"uv": [7, 11, 9, 15], "texture": "#0"},
				"east": {"uv": [7, 11, 9, 15], "texture": "#0"},
				"south": {"uv": [7, 11, 9, 15], "texture": "#0"},
				"west": {"uv": [7, 11, 9, 15], "texture": "#0"}
			}
		}
	],
	"display": {
		"thirdperson_righthand": {
			"translation": [0, 3.5, 1],
			"scale": [0.5, 0.5, 0.5]
		},
		"thirdperson_lefthand": {
			"translation": [0, 3.5, 0.75],
			"scale": [0.5, 0.5, 0.5]
		},
		"firstperson_righthand": {
			"translation": [3.5, 1, 0]
		},
		"firstperson_lefthand": {
			"translation": [4.5, 1.5, 0],
			"scale": [-1, 1, 1]
		},
		"ground": {
			"scale": [0.5, 0.5, 0.5]
		},
		"gui": {
			"translation": [-0.75, 2.75, 0]
		},
		"head": {
			"translation": [0, 10, -1.75],
			"scale": [0.5, 0.5, 0.5]
		},
		"fixed": {
			"rotation": [-43, -56, -6],
			"translation": [0, 3.25, -5]
		}
	},
	"groups": [
		{
			"name": "group",
			"origin": [0, 0, 0],
			"color": 0,
			"children": [
				{
					"name": "group",
					"origin": [0, 0, 0],
					"color": 0,
					"children": [0, 1]
				}
			]
		},
		{
			"name": "group",
			"origin": [0, 0, 0],
			"color": 0,
			"children": [2, 3]
		},
		{
			"name": "group",
			"origin": [0, 0, 0],
			"color": 0,
			"children": [4, 5]
		}
	]
}