{
	"credit": "Made with Blockbench",
	"parent": "block/block",
	"textures": {
		"1": "create:block/gearbox",
		"particle": "create:block/encased_chain_drive",
		"side": "create:block/encased_chain_drive",
		"1_0": "create:block/axis",
		"1_1": "create:block/axis_top"
	},
	"elements": [
		{
			"name": "Core",
			"from": [0, 0, -0.05],
			"to": [16, 16, 16.05],
			"faces": {
				"north": {"uv": [0, 0, 16, 16], "texture": "#1"},
				"east": {"uv": [0, 0, 16, 16], "rotation": 90, "texture": "#side"},
				"south": {"uv": [0, 0, 16, 16], "texture": "#1"},
				"west": {"uv": [0, 0, 16, 16], "rotation": 90, "texture": "#side"},
				"up": {"uv": [0, 16, 16, 0], "texture": "#side"},
				"down": {"uv": [0, 0, 16, 16], "texture": "#side"}
			}
		},
		{
			"name": "Axis",
			"from": [6, 6, -1],
			"to": [10, 10, 17],
			"faces": {
				"north": {"uv": [6, 6, 10, 10], "rotation": 180, "texture": "#1_1"},
				"east": {"uv": [6, 0, 10, 16], "rotation": 90, "texture": "#1_0"},
				"south": {"uv": [6, 6, 10, 10], "texture": "#1_1"},
				"west": {"uv": [6, 0, 10, 16], "rotation": 270, "texture": "#1_0"},
				"up": {"uv": [6, 0, 10, 16], "texture": "#1_0"},
				"down": {"uv": [6, 0, 10, 16], "rotation": 180, "texture": "#1_0"}
			}
		}
	],
	"groups": [
		0,
		{
			"name": "shaft",
			"origin": [8, 8, 8],
			"color": 0,
			"children": [1]
		}
	]
}