{
	"credit": "Made with Blockbench",
	"parent": "block/block",
	"textures": {
		"1": "create:block/encased_chain_drive_middle",
		"particle": "create:block/encased_chain_drive",
		"side": "create:block/encased_chain_drive"
	},
	"elements": [
		{
			"name": "Base",
			"from": [14, 0, 0],
			"to": [16, 16, 16],
			"faces": {
				"north": {"uv": [14, 16, 16, 0], "rotation": 180, "texture": "#side"},
				"east": {"uv": [0, 0, 16, 16], "texture": "#side"},
				"south": {"uv": [0, 16, 2, 0], "rotation": 180, "texture": "#side"},
				"west": {"uv": [0, 0, 16, 16], "texture": "#side"},
				"up": {"uv": [0, 14, 16, 16], "rotation": 270, "texture": "#1"},
				"down": {"uv": [0, 0, 16, 2], "rotation": 90, "texture": "#1"}
			}
		},
		{
			"name": "Core",
			"from": [2, 0.95, 0],
			"to": [14, 15.05, 16],
			"faces": {
				"up": {"uv": [0, 2, 16, 14], "rotation": 270, "texture": "#1"},
				"down": {"uv": [0, 2, 16, 14], "rotation": 90, "texture": "#1"}
			}
		},
		{
			"name": "Top",
			"from": [0, 0, 0],
			"to": [16, 16, 16],
			"faces": {
				"east": {"uv": [0, 0, 16, 16], "rotation": 180, "texture": "#side"},
				"west": {"uv": [0, 0, 16, 16], "texture": "#side"},
				"up": {"uv": [0, 0, 16, 16], "rotation": 270, "texture": "#1"},
				"down": {"uv": [0, 0, 16, 16], "rotation": 90, "texture": "#1"}
			}
		}
	]
}