{
	"credit": "Made with Blockbench",
	"parent": "block/block",
	"textures": {
		"0": "create:block/belt_diagonal",
		"particle": "create:block/belt_diagonal"
	},
	"elements": [
		{
			"name": "Top",
			"from": [0.9, 11, 9.2],
			"to": [15.1, 13, 15],
			"faces": {
				"east": {"uv": [14, 0, 16, 6], "rotation": 90, "texture": "#0"},
				"south": {"uv": [1, 6, 15, 7], "texture": "#0"},
				"west": {"uv": [0, 0, 2, 6], "rotation": 270, "texture": "#0"},
				"up": {"uv": [1, 0, 15, 6], "texture": "#0"},
				"down": {"uv": [1, 0, 15, 6], "rotation": 180, "texture": "#0"}
			}
		},
		{
			"name": "Bottom",
			"from": [0.9, 3, 5.9],
			"to": [15.1, 5, 15],
			"faces": {
				"east": {"uv": [14, 6, 16, 15], "rotation": 270, "texture": "#0"},
				"south": {"uv": [1, 5, 15, 6], "texture": "#0"},
				"west": {"uv": [0, 6, 2, 15], "rotation": 90, "texture": "#0"},
				"up": {"uv": [1, 6, 15, 15], "rotation": 180, "texture": "#0"},
				"down": {"uv": [1, 6, 15, 15], "texture": "#0"}
			}
		},
		{
			"name": "Side",
			"from": [1, 4, 14.05],
			"to": [15, 12, 16.05],
			"faces": {
				"north": {"uv": [1, 8, 15, 16], "texture": "#0"},
				"east": {"uv": [14, 8, 16, 16], "texture": "#0"},
				"south": {"uv": [1, 8, 15, 16], "texture": "#0"},
				"west": {"uv": [0, 8, 2, 16], "texture": "#0"},
				"up": {"uv": [1, 7, 15, 8], "texture": "#0"},
				"down": {"uv": [1, 4, 15, 5], "texture": "#0"}
			}
		},
		{
			"name": "Top Diagonal",
			"from": [1, 11, -3.325],
			"to": [15, 13, 6.8],
			"rotation": {"angle": 45, "axis": "x", "origin": [8, 8, 8]},
			"faces": {
				"east": {"uv": [14, 4, 16, 14], "rotation": 90, "texture": "#0"},
				"west": {"uv": [0, 4, 2, 14], "rotation": 270, "texture": "#0"},
				"up": {"uv": [1, 4, 15, 14], "texture": "#0"},
				"down": {"uv": [1, 4, 15, 14], "rotation": 180, "texture": "#0"}
			}
		},
		{
			"name": "Bottom Diagonal",
			"from": [1, 3, -3.325],
			"to": [15, 5, 10.1],
			"rotation": {"angle": 45, "axis": "x", "origin": [8, 8, 8]},
			"faces": {
				"east": {"uv": [14, 3, 16, 16], "rotation": 270, "texture": "#0"},
				"west": {"uv": [0, 3, 2, 16], "rotation": 90, "texture": "#0"},
				"up": {"uv": [1, 3, 15, 16], "rotation": 180, "texture": "#0"},
				"down": {"uv": [1, 3, 15, 16], "texture": "#0"}
			}
		}
	]
}