{
	"credit": "Made with Blockbench",
	"parent": "block/block",
	"textures": {
		"0": "create:block/belt"
	},
	"elements": [
		{
			"name": "Top",
			"from": [1, 11, 0],
			"to": [15, 13, 15],
			"faces": {
				"east": {"uv": [0, 1, 2, 16], "rotation": 270, "texture": "#0"},
				"south": {"uv": [1, 0, 15, 1], "rotation": 180, "texture": "#0"},
				"west": {"uv": [14, 1, 16, 16], "rotation": 90, "texture": "#0"},
				"up": {"uv": [1, 1, 15, 16], "rotation": 180, "texture": "#0"},
				"down": {"uv": [1, 1, 15, 16], "texture": "#0"}
			}
		},
		{
			"name": "Side",
			"from": [1.1, 4, 14.05],
			"to": [14.9, 12, 16.05],
			"faces": {
				"north": {"uv": [1, 8, 15, 16], "rotation": 180, "texture": "#0"},
				"east": {"uv": [0, 8, 2, 16], "rotation": 180, "texture": "#0"},
				"south": {"uv": [1, 8, 15, 16], "rotation": 180, "texture": "#0"},
				"west": {"uv": [14, 8, 16, 16], "rotation": 180, "texture": "#0"},
				"up": {"uv": [1, 0, 15, 1], "rotation": 180, "texture": "#0"},
				"down": {"uv": [1, 7, 15, 8], "rotation": 180, "texture": "#0"}
			}
		}
	]
}