{
	"credit": "Made with Blockbench",
	"parent": "block/block",
	"textures": {
		"1": "create:block/belt_offset"
	},
	"elements": [
		{
			"name": "Bottom",
			"from": [1, 3, 1],
			"to": [15, 5, 16],
			"faces": {
				"north": {"uv": [1, 0, 15, 1], "texture": "#1"},
				"east": {"uv": [0, 1, 2, 16], "rotation": 90, "texture": "#1"},
				"west": {"uv": [14, 1, 16, 16], "rotation": 270, "texture": "#1"},
				"up": {"uv": [1, 1, 15, 16], "texture": "#1"},
				"down": {"uv": [1, 1, 15, 16], "rotation": 180, "texture": "#1"}
			}
		}
	]
}