{
	"credit": "Made with Blockbench",
	"parent": "block/block",
	"textures": {
		"0": "create:block/belt"
	},
	"elements": [
		{
			"name": "Top",
			"from": [1, 11, 1],
			"to": [15, 13, 16],
			"faces": {
				"north": {"uv": [1, 15, 15, 16], "texture": "#0"},
				"east": {"uv": [0, 0, 2, 15], "rotation": 270, "texture": "#0"},
				"west": {"uv": [14, 0, 16, 15], "rotation": 90, "texture": "#0"},
				"up": {"uv": [1, 0, 15, 15], "rotation": 180, "texture": "#0"},
				"down": {"uv": [1, 0, 15, 15], "texture": "#0"}
			}
		},
		{
			"name": "Side",
			"from": [1.1, 4, -0.05],
			"to": [14.9, 12, 1.95],
			"faces": {
				"north": {"uv": [1, 0, 15, 8], "texture": "#0"},
				"east": {"uv": [0, 0, 2, 8], "texture": "#0"},
				"south": {"uv": [1, 0, 15, 8], "texture": "#0"},
				"west": {"uv": [14, 0, 16, 8], "texture": "#0"},
				"up": {"uv": [1, 15, 15, 16], "rotation": 180, "texture": "#0"},
				"down": {"uv": [1, 8, 15, 9], "rotation": 180, "texture": "#0"}
			}
		}
	]
}