{
	"credit": "Made with Blockbench",
	"parent": "block/block",
	"texture_size": [64, 64],
	"textures": {
		"0": "block/leaves/birch1",
		"1": "block/leaves/birch2",
		"particle": "block/leaves/birch1"
	},
	"elements": [
		{
			"from": [0, 0, 0],
			"to": [16, 16, 16],
			"faces": {
				"north": {"uv": [0, 0, 16, 16], "texture": "#0", "cullface": "north"},
				"east": {"uv": [0, 0, 16, 16], "texture": "#0", "cullface": "east"},
				"south": {"uv": [0, 0, 16, 16], "texture": "#0", "cullface": "south"},
				"west": {"uv": [0, 0, 16, 16], "texture": "#0", "cullface": "west"},
				"up": {"uv": [0, 0, 16, 16], "texture": "#0", "cullface": "up"},
				"down": {"uv": [0, 0, 16, 16], "texture": "#0", "cullface": "down"}
			}
		},
		{
			"from": [8, -4, -4.4],
			"to": [8, 19, 19.6],
			"shade": false,
			"rotation": {"angle": 22.5, "axis": "y", "origin": [8.25, 8.5, 6.9]},
			"faces": {
				"east": {"uv": [4.25, 5, 11, 11.5], "texture": "#1"},
				"west": {"uv": [4.25, 5, 11, 11.5], "texture": "#1"}
			}
		},
		{
			"from": [-7.5, -4, 9.5],
			"to": [16.5, 19, 9.5],
			"shade": false,
			"rotation": {"angle": 22.5, "axis": "y", "origin": [0, 0, 0]},
			"faces": {
				"north": {"uv": [4.25, 5, 11, 11.5], "texture": "#1"},
				"south": {"uv": [4.25, 5, 11, 11.5], "texture": "#1"}
			}
		}
	]
}