{
	"credit": "Made by YSBB with Blockbench",
	"parent": "block/block",
	"texture_size": [64, 64],
	"textures": {
		"0": "block/leaves/dark_oak1",
		"1": "block/leaves/dark_oak2",
		"particle": "block/leaves/dark_oak1"
	},
	"elements": [
		{
			"from": [0, 0, 0],
			"to": [16, 16, 16],
			"faces": {
				"north": {"uv": [0, 0, 16, 16], "texture": "#0", "cullface": "north"},
				"east": {"uv": [0, 0, 16, 16], "texture": "#0", "cullface": "east"},
				"south": {"uv": [0, 0, 16, 16], "texture": "#0", "cullface": "south"},
				"west": {"uv": [0, 0, 16, 16], "texture": "#0", "cullface": "west"},
				"up": {"uv": [0, 0, 16, 16], "texture": "#0", "cullface": "up"},
				"down": {"uv": [0, 0, 16, 16], "texture": "#0", "cullface": "down"}
			}
		},
		{
			"from": [-3.5, -4, 3],
			"to": [23.5, 21, 3],
			"shade": false,
			"rotation": {"angle": -22.5, "axis": "y", "origin": [0, 0, 0]},
			"faces": {
				"north": {"uv": [3.375, 4.25, 10.875, 11], "texture": "#1"},
				"south": {"uv": [3.375, 4.25, 10.875, 11], "texture": "#1"}
			}
		},
		{
			"from": [8.5, -4, -6],
			"to": [8.5, 20, 21],
			"shade": false,
			"rotation": {"angle": -22.5, "axis": "y", "origin": [8.55268, 8, 6.78981]},
			"faces": {
				"east": {"uv": [3.5, 4.25, 11, 11], "texture": "#1"},
				"west": {"uv": [3.25, 4.3125, 10.75, 11.0625], "texture": "#1"}
			}
		}
	],
	"groups": [
		{
			"name": "group",
			"origin": [8, 9, 8],
			"color": 0,
			"children": [0]
		},
		1,
		2
	]
}