{
	"credit": "Made with Blockbench",
	"parent": "block/block",
	"texture_size": [64, 64],
	"textures": {
		"0": "block/leaves/jungle1",
		"1": "block/leaves/jungle2",
		"particle": "block/leaves/jungle1"
	},
	"elements": [
		{
			"from": [0, 0, 0],
			"to": [16, 16, 16],
			"faces": {
				"north": {"uv": [0, 0, 16, 16], "texture": "#0", "cullface": "north", "tintindex": 0},
				"east": {"uv": [0, 0, 16, 16], "texture": "#0", "cullface": "east", "tintindex": 0},
				"south": {"uv": [0, 0, 16, 16], "texture": "#0", "cullface": "south", "tintindex": 0},
				"west": {"uv": [0, 0, 16, 16], "texture": "#0", "cullface": "west", "tintindex": 0},
				"up": {"uv": [0, 0, 16, 16], "texture": "#0", "cullface": "up", "tintindex": 0},
				"down": {"uv": [0, 0, 16, 16], "texture": "#0", "cullface": "down", "tintindex": 0}
			}
		},
		{
			"from": [-7.25, -5, 4.5],
			"to": [18.75, 20, 4.5],
			"shade": false,
			"rotation": {"angle": 22.5, "axis": "y", "origin": [13, 13, 0]},
			"faces": {
				"north": {"uv": [11.5, 4.25, 4, 11.5], "texture": "#1", "tintindex": 0},
				"south": {"uv": [4, 4.25, 11.5, 11.5], "texture": "#1", "tintindex": 0}
			}
		},
		{
			"from": [8, -4.25, -5.25],
			"to": [8, 19.75, 20.75],
			"shade": false,
			"rotation": {"angle": 22.5, "axis": "y", "origin": [8.25492, 8.5, 6.83624]},
			"faces": {
				"east": {"uv": [4, 4.5, 11.5, 11.5], "texture": "#1", "tintindex": 0},
				"west": {"uv": [4, 4.5, 11.5, 11.5], "texture": "#1", "tintindex": 0}
			}
		}
	],
	"groups": [
		{
			"name": "group",
			"origin": [8, 9, 8],
			"color": 0,
			"children": [0]
		},
		1,
		2
	]
}