{
	"credit": "Made with Blockbench",
	"parent": "block/block",
	"texture_size": [64, 64],
	"textures": {
		"0": "block/leaves/oak1",
		"1": "block/leaves/oak2",
		"particle": "block/leaves/oak1"
	},
	"elements": [
		{
			"from": [0, 0, 0],
			"to": [16, 16, 16],
			"faces": {
				"north": {"uv": [0, 0, 16, 16], "texture": "#0", "cullface": "north", "tintindex": 0},
				"east": {"uv": [0, 0, 16, 16], "texture": "#0", "cullface": "east", "tintindex": 0},
				"south": {"uv": [0, 0, 16, 16], "texture": "#0", "cullface": "south", "tintindex": 0},
				"west": {"uv": [0, 0, 16, 16], "texture": "#0", "cullface": "west", "tintindex": 0},
				"up": {"uv": [0, 0, 16, 16], "texture": "#0", "cullface": "up", "tintindex": 0},
				"down": {"uv": [0, 0, 16, 16], "texture": "#0", "cullface": "down", "tintindex": 0}
			}
		},
		{
			"from": [8, -4, -5.4],
			"to": [8, 20, 20.6],
			"shade": false,
			"rotation": {"angle": 22.5, "axis": "y", "origin": [8.25, 8.5, 6.9]},
			"faces": {
				"east": {"uv": [4.125, 5.25, 10.625, 11.25], "texture": "#1", "tintindex": 0},
				"west": {"uv": [4.125, 5.25, 10.625, 11.25], "texture": "#1", "tintindex": 0}
			}
		},
		{
			"from": [-8, -4, 9.5],
			"to": [18, 20, 9.5],
			"shade": false,
			"rotation": {"angle": 22.5, "axis": "y", "origin": [0, 0, 0]},
			"faces": {
				"north": {"uv": [4.125, 5.25, 10.625, 11.25], "texture": "#1", "tintindex": 0},
				"south": {"uv": [4.375, 5.25, 10.875, 11.25], "texture": "#1", "tintindex": 0}
			}
		}
	]
}