{
	"credit": "Made by YSBB with Blockbench",
	"ambientocclusion": false,
	"textures": {
		"2": "block/pot/mangrove_propagule",
		"particle": "block/pot/flower_pot1",
		"flowerpot": "block/pot/flower_pot1"
	},
	"elements": [
		{
			"name": "leaves",
			"from": [4.5, 9, 8],
			"to": [11.5, 15, 8],
			"rotation": {"angle": 45, "axis": "y", "origin": [8, 0, 8], "rescale": true},
			"faces": {
				"north": {"uv": [4, 1, 11, 7], "texture": "#2"},
				"south": {"uv": [4, 1, 11, 7], "texture": "#2"}
			}
		},
		{
			"name": "leaves",
			"from": [8, 9, 4.5],
			"to": [8, 15, 11.5],
			"rotation": {"angle": 45, "axis": "y", "origin": [8, 0, 8], "rescale": true},
			"faces": {
				"east": {"uv": [4, 1, 11, 7], "texture": "#2"},
				"west": {"uv": [4, 1, 11, 7], "texture": "#2"}
			}
		},
		{
			"name": "hypocotyl",
			"from": [8, 0, 7],
			"to": [8, 9, 9],
			"rotation": {"angle": 45, "axis": "y", "origin": [8, 0, 8], "rescale": true},
			"faces": {
				"east": {"uv": [7, 7, 9, 16], "texture": "#2"},
				"west": {"uv": [7, 7, 9, 16], "texture": "#2"}
			}
		},
		{
			"name": "hypocotyl",
			"from": [7, 0, 8],
			"to": [9, 9, 8],
			"rotation": {"angle": 45, "axis": "y", "origin": [8, 0, 8], "rescale": true},
			"faces": {
				"north": {"uv": [7, 7, 9, 16], "texture": "#2"},
				"south": {"uv": [7, 7, 9, 16], "texture": "#2"}
			}
		},
		{
			"from": [4.1, 3.75, 4],
			"to": [12, 6, 12],
			"faces": {
				"north": {"uv": [4, 10, 12, 11.95], "texture": "#flowerpot"},
				"east": {"uv": [4, 10, 12, 11.95], "texture": "#flowerpot"},
				"south": {"uv": [4, 10, 12, 11.95], "texture": "#flowerpot"},
				"west": {"uv": [4, 10, 12, 12], "texture": "#flowerpot"},
				"up": {"uv": [4, 4, 11.9, 12], "texture": "#flowerpot"},
				"down": {"uv": [4, 4, 11.9, 12], "texture": "#flowerpot"}
			}
		},
		{
			"from": [6.1, 6, 6],
			"to": [10.11, 4, 10],
			"faces": {
				"north": {"uv": [3, 12, 7, 14], "texture": "#flowerpot"},
				"east": {"uv": [3, 12, 7, 14], "texture": "#flowerpot"},
				"south": {"uv": [3, 12, 7, 14], "texture": "#flowerpot"},
				"west": {"uv": [3, 12, 7, 14], "texture": "#flowerpot"},
				"up": {"uv": [0, 0, 4, 4], "texture": "#flowerpot"},
				"down": {"uv": [0, 0, 4, 4], "texture": "#flowerpot"}
			}
		},
		{
			"from": [5, 0, 5],
			"to": [11, 4, 11],
			"faces": {
				"north": {"uv": [5, 12, 11, 16], "texture": "#flowerpot"},
				"east": {"uv": [5, 12, 11, 16], "texture": "#flowerpot"},
				"south": {"uv": [5, 12, 11, 16], "texture": "#flowerpot"},
				"west": {"uv": [5, 12, 11, 16], "texture": "#flowerpot"},
				"up": {"uv": [5, 5, 11, 11], "texture": "#flowerpot"},
				"down": {"uv": [5, 10, 11, 16], "texture": "#flowerpot"}
			}
		}
	],
	"groups": [
		0,
		1,
		2,
		3,
		{
			"name": "group",
			"origin": [0, 0, 0],
			"color": 0,
			"nbt": "{}",
			"children": [4, 5, 6]
		}
	]
}