{
	"credit": "Model generated using MrCrayfish's Model Creator (https://mrcrayfish.com/tools?id=mc)",
	"parent": "create:block/block",
	"textures": {
		"slit": "create:block/mechanical_saw_top_no_slot",
		"particle": "create:block/gearbox_top",
		"gearbox": "create:block/gearbox",
		"andesite_casing_short": "create:block/andesite_casing_short"
	},
	"elements": [
		{
			"name": "Inner",
			"from": [0, 0, 0],
			"to": [16, 16, 12.025],
			"faces": {
				"north": {"uv": [0, 0, 16, 16], "texture": "#gearbox"},
				"east": {"uv": [0, 4, 16, 16], "rotation": 90, "texture": "#andesite_casing_short"},
				"south": {"uv": [0, 2, 16, 14], "texture": "#slit"},
				"west": {"uv": [0, 4, 16, 16], "rotation": 270, "texture": "#andesite_casing_short"},
				"up": {"uv": [0, 4, 16, 16], "texture": "#andesite_casing_short"},
				"down": {"uv": [0, 4, 16, 16], "texture": "#andesite_casing_short"}
			}
		}
	]
}