{
	"credit": "Made with Blockbench",
	"textures": {
		"0": "create:block/portable_fluid_interface",
		"1": "create:block/copper_casing",
		"2": "create:block/copper_underside",
		"particle": "create:block/copper_casing"
	},
	"elements": [
		{
			"from": [2, 7, 2],
			"to": [14, 16, 14],
			"rotation": {"angle": 0, "axis": "y", "origin": [10, 18, 10]},
			"faces": {
				"north": {"uv": [1, 3.5, 7, 8], "texture": "#0"},
				"east": {"uv": [1, 3.5, 7, 8], "texture": "#0"},
				"south": {"uv": [1, 3.5, 7, 8], "texture": "#0"},
				"west": {"uv": [1, 3.5, 7, 8], "texture": "#0"},
				"up": {"uv": [2, 6.5, 2.5, 7], "texture": "#0"}
			}
		},
		{
			"from": [0, 0, 0],
			"to": [16, 12, 16],
			"faces": {
				"north": {"uv": [0, 10, 8, 16], "texture": "#0"},
				"east": {"uv": [0, 10, 8, 16], "texture": "#0"},
				"south": {"uv": [0, 10, 8, 16], "texture": "#0"},
				"west": {"uv": [0, 10, 8, 16], "texture": "#0"},
				"up": {"uv": [0, 0, 16, 16], "texture": "#2"},
				"down": {"uv": [0, 0, 16, 16], "texture": "#1"}
			}
		},
		{
			"from": [0, 12, 1.9],
			"to": [2, 14.1, 14.1],
			"rotation": {"angle": 0, "axis": "y", "origin": [8, 20, 10]},
			"faces": {
				"north": {"uv": [14, 13, 16, 15], "texture": "#2"},
				"south": {"uv": [0, 13, 2, 15], "texture": "#2"},
				"west": {"uv": [1, 9, 7, 10], "texture": "#0"},
				"up": {"uv": [0, 2, 2, 14], "texture": "#2"}
			}
		},
		{
			"from": [14, 12, 2],
			"to": [16, 14, 14],
			"rotation": {"angle": 0, "axis": "y", "origin": [8, 20, 6]},
			"faces": {
				"north": {"uv": [0, 13, 2, 15], "texture": "#2"},
				"east": {"uv": [1, 9, 7, 10], "texture": "#0"},
				"south": {"uv": [14, 13, 16, 15], "texture": "#2"},
				"up": {"uv": [0, 2, 2, 14], "rotation": 180, "texture": "#2"}
			}
		},
		{
			"from": [2, 12, 0],
			"to": [14, 14, 16],
			"rotation": {"angle": 0, "axis": "y", "origin": [10, 20, 8]},
			"faces": {
				"north": {"uv": [1, 9, 7, 10], "texture": "#0"},
				"east": {"uv": [0, 13, 16, 15], "texture": "#2"},
				"south": {"uv": [1, 9, 7, 10], "texture": "#0"},
				"west": {"uv": [0, 13, 16, 15], "texture": "#2"},
				"up": {"uv": [2, 0, 14, 16], "texture": "#2"}
			}
		},
		{
			"from": [3, 10, 3],
			"to": [13, 17.1, 13],
			"rotation": {"angle": 0, "axis": "y", "origin": [11, 18, 11]},
			"faces": {
				"north": {"uv": [1.5, 0, 6.5, 3.5], "texture": "#0"},
				"east": {"uv": [1.5, 0, 6.5, 3.5], "texture": "#0"},
				"south": {"uv": [1.5, 0, 6.5, 3.5], "texture": "#0"},
				"west": {"uv": [1.5, 0, 6.5, 3.5], "texture": "#0"}
			}
		},
		{
			"from": [1, 17, 1],
			"to": [15, 19, 15],
			"rotation": {"angle": 0, "axis": "y", "origin": [8, 18, 8]},
			"faces": {
				"north": {"uv": [8.5, 15, 15.5, 16], "texture": "#0"},
				"east": {"uv": [8.5, 15, 15.5, 16], "texture": "#0"},
				"south": {"uv": [8.5, 15, 15.5, 16], "texture": "#0"},
				"west": {"uv": [8.5, 15, 15.5, 16], "texture": "#0"},
				"up": {"uv": [8.5, 8, 15.5, 15], "texture": "#0"},
				"down": {"uv": [8.5, 8, 15.5, 15], "texture": "#0"}
			}
		},
		{
			"from": [4, 16.1, 13],
			"to": [6, 18.1, 14],
			"rotation": {"angle": 45, "axis": "x", "origin": [8, 17, 13]},
			"faces": {
				"east": {"uv": [6.5, 7.5, 7, 8], "texture": "#0"},
				"south": {"uv": [10, 15, 11, 16], "texture": "#0"},
				"west": {"uv": [6.5, 7.5, 7, 8], "texture": "#0"}
			}
		},
		{
			"from": [10, 16.1, 2],
			"to": [12, 18.1, 3],
			"rotation": {"angle": -45, "axis": "x", "origin": [8, 17, 3]},
			"faces": {
				"north": {"uv": [10, 15, 11, 16], "texture": "#0"},
				"east": {"uv": [6.5, 7.5, 7, 8], "texture": "#0"},
				"west": {"uv": [6.5, 7.5, 7, 8], "texture": "#0"}
			}
		},
		{
			"from": [2, 16.1, 4],
			"to": [3, 18.1, 6],
			"rotation": {"angle": 45, "axis": "z", "origin": [3, 17, 8]},
			"faces": {
				"north": {"uv": [6.5, 7.5, 7, 8], "texture": "#0"},
				"south": {"uv": [6.5, 7.5, 7, 8], "texture": "#0"},
				"west": {"uv": [10, 15, 11, 16], "texture": "#0"}
			}
		},
		{
			"from": [13, 16.1, 10],
			"to": [14, 18.1, 12],
			"rotation": {"angle": -45, "axis": "z", "origin": [13, 17, 8]},
			"faces": {
				"north": {"uv": [6.5, 7.5, 7, 8], "texture": "#0"},
				"east": {"uv": [10, 15, 11, 16], "texture": "#0"},
				"south": {"uv": [6.5, 7.5, 7, 8], "texture": "#0"}
			}
		},
		{
			"from": [10, 16.1, 13],
			"to": [12, 18.1, 14],
			"rotation": {"angle": 45, "axis": "x", "origin": [8, 17, 13]},
			"faces": {
				"east": {"uv": [6.5, 7.5, 7, 8], "texture": "#0"},
				"south": {"uv": [13, 15, 14, 16], "texture": "#0"},
				"west": {"uv": [6.5, 7.5, 7, 8], "texture": "#0"}
			}
		},
		{
			"from": [4, 16.1, 2],
			"to": [6, 18.1, 3],
			"rotation": {"angle": -45, "axis": "x", "origin": [8, 17, 3]},
			"faces": {
				"north": {"uv": [13, 15, 14, 16], "texture": "#0"},
				"east": {"uv": [6.5, 7.5, 7, 8], "texture": "#0"},
				"west": {"uv": [6.5, 7.5, 7, 8], "texture": "#0"}
			}
		},
		{
			"from": [2, 16.1, 10],
			"to": [3, 18.1, 12],
			"rotation": {"angle": 45, "axis": "z", "origin": [3, 17, 8]},
			"faces": {
				"north": {"uv": [6.5, 7.5, 7, 8], "texture": "#0"},
				"south": {"uv": [6.5, 7.5, 7, 8], "texture": "#0"},
				"west": {"uv": [13, 15, 14, 16], "texture": "#0"}
			}
		},
		{
			"from": [13, 16.1, 4],
			"to": [14, 18.1, 6],
			"rotation": {"angle": -45, "axis": "z", "origin": [13, 17, 8]},
			"faces": {
				"north": {"uv": [6.5, 7.5, 7, 8], "texture": "#0"},
				"east": {"uv": [13, 15, 14, 16], "texture": "#0"},
				"south": {"uv": [6.5, 7.5, 7, 8], "texture": "#0"}
			}
		}
	],
	"display": {
		"thirdperson_righthand": {
			"rotation": [75, 45, 0],
			"translation": [0, 2.5, 0],
			"scale": [0.375, 0.375, 0.375]
		},
		"thirdperson_lefthand": {
			"rotation": [75, 45, 0],
			"translation": [0, 2.5, 0],
			"scale": [0.375, 0.375, 0.375]
		},
		"firstperson_righthand": {
			"rotation": [0, 45, 0],
			"scale": [0.4, 0.4, 0.4]
		},
		"firstperson_lefthand": {
			"rotation": [0, 225, 0],
			"scale": [0.4, 0.4, 0.4]
		},
		"ground": {
			"translation": [0, 3, 0],
			"scale": [0.25, 0.25, 0.25]
		},
		"gui": {
			"rotation": [30, 135, 90],
			"translation": [-0.5, 0, 0],
			"scale": [0.625, 0.625, 0.625]
		},
		"head": {
			"rotation": [-180, 0, 0],
			"translation": [0, 22.25, 0]
		},
		"fixed": {
			"translation": [0, -1.25, 0],
			"scale": [0.5, 0.5, 0.5]
		}
	},
	"groups": [
		{
			"name": "Middle",
			"origin": [10, 22, 10],
			"color": 0,
			"children": [0]
		},
		{
			"name": "block",
			"origin": [8, 8, 8],
			"color": 0,
			"children": [
				{
					"name": "Base",
					"origin": [10, 20, 8],
					"color": 0,
					"children": [1, 2, 3, 4]
				}
			]
		},
		{
			"name": "block_top",
			"origin": [8, 8, 8],
			"color": 0,
			"children": [
				{
					"name": "Top",
					"origin": [10, 22, 10],
					"color": 0,
					"children": [5, 6, 7, 8, 9, 10, 11, 12, 13, 14]
				}
			]
		}
	]
}