{
	"credit": "Made by YSBB with Blockbench",
	"parent": "minecraft:block/cross",
	"textures": {
		"1": "block/flower/blue_orchid1",
		"particle": "block/flower/blue_orchid2",
		"cross": "block/flower/blue_orchid2"
	},
	"elements": [
		{
			"from": [4.25, 4.6791, 1.62692],
			"to": [10.25, 10.6791, 1.62692],
			"shade": false,
			"rotation": {"angle": 45, "axis": "x", "origin": [8.25, 7.6791, 2.62692]},
			"faces": {
				"north": {"uv": [14, 3, 8, 9], "texture": "#1"}
			}
		},
		{
			"from": [1.22625, 5.39941, 5.59776],
			"to": [1.22625, 11.39941, 11.59776],
			"shade": false,
			"rotation": {"angle": -45, "axis": "z", "origin": [2.22625, 7.39941, 7.59776]},
			"faces": {
				"west": {"uv": [14, 3, 8, 9], "texture": "#1"}
			}
		},
		{
			"from": [15.04329, 5.79433, 4.34776],
			"to": [15.04329, 11.79433, 10.34776],
			"shade": false,
			"rotation": {"angle": 45, "axis": "z", "origin": [14.04329, 7.79433, 8.34776]},
			"faces": {
				"east": {"uv": [14, 3, 8, 9], "texture": "#1"}
			}
		},
		{
			"from": [6.41761, 4.52478, 14.87516],
			"to": [12.41761, 10.52478, 14.87516],
			"shade": false,
			"rotation": {"angle": -45, "axis": "x", "origin": [8.41761, 7.52478, 13.87516]},
			"faces": {
				"south": {"uv": [14, 3, 8, 9], "texture": "#1"}
			}
		},
		{
			"from": [5, 0, 6.25],
			"to": [23, 18, 6.25],
			"shade": false,
			"rotation": {"angle": -45, "axis": "y", "origin": [9, 9, 0]},
			"faces": {
				"north": {"uv": [0, 0, 16, 16], "texture": "#cross"},
				"south": {"uv": [0, 0, 16, 16], "texture": "#cross"}
			}
		},
		{
			"from": [-0.88388, 0, 7.95495],
			"to": [17.11612, 18, 7.95495],
			"shade": false,
			"rotation": {"angle": 45, "axis": "y", "origin": [8.11612, 9, 7.95495]},
			"faces": {
				"north": {"uv": [0, 0, 16, 16], "texture": "#cross"},
				"south": {"uv": [0, 0, 16, 16], "texture": "#cross"}
			}
		}
	]
}