{
	"credit": "Made by YSBB with Blockbench",
	"parent": "minecraft:block/cross",
	"textures": {
		"1": "block/flower/cornflower1",
		"particle": "block/flower/cornflower2",
		"cross": "block/flower/cornflower2"
	},
	"elements": [
		{
			"from": [-0.5, 0, 8.75],
			"to": [17.5, 18, 8.75],
			"shade": false,
			"rotation": {"angle": -45, "axis": "y", "origin": [9, 9, 8]},
			"faces": {
				"north": {"uv": [0, 0, 16, 16], "texture": "#cross"},
				"south": {"uv": [0, 0, 16, 16], "texture": "#cross"}
			}
		},
		{
			"from": [8.11612, 0, -0.82322],
			"to": [8.11612, 18, 17.17678],
			"shade": false,
			"rotation": {"angle": -45, "axis": "y", "origin": [8.11612, 9, 8.17678]},
			"faces": {
				"east": {"uv": [0, 0, 16, 16], "texture": "#cross"},
				"west": {"uv": [0, 0, 16, 16], "texture": "#cross"}
			}
		},
		{
			"from": [3.25, 10.25, 6.5],
			"to": [3.25, 13.25, 11.5],
			"shade": false,
			"rotation": {"angle": 0, "axis": "z", "origin": [4.25, 9.75, 7.5]},
			"faces": {
				"west": {"uv": [6, 5, 11, 8], "texture": "#1"}
			}
		},
		{
			"from": [6.5, 9.5, 13.25],
			"to": [11.5, 12.5, 13.25],
			"shade": false,
			"rotation": {"angle": 0, "axis": "x", "origin": [9, 11, 12.25]},
			"faces": {
				"south": {"uv": [6, 5, 11, 8], "texture": "#1"}
			}
		},
		{
			"from": [12.75, 9.25, 4.5],
			"to": [12.75, 12.25, 9.5],
			"shade": false,
			"rotation": {"angle": 0, "axis": "z", "origin": [11.75, 10.75, 7]},
			"faces": {
				"east": {"uv": [6, 5, 11, 8], "texture": "#1"}
			}
		},
		{
			"from": [4.25, 9.5, 2.75],
			"to": [9.25, 12.5, 2.75],
			"shade": false,
			"rotation": {"angle": 0, "axis": "x", "origin": [6.75, 11, 3.75]},
			"faces": {
				"north": {"uv": [6, 5, 11, 8], "texture": "#1"}
			}
		}
	]
}