{
	"credit": "Made by YSBB with Blockbench",
	"parent": "minecraft:block/cross",
	"textures": {
		"1": "block/flower/oxeye_daisy1",
		"particle": "block/flower/oxeye_daisy2",
		"cross": "block/flower/oxeye_daisy2"
	},
	"elements": [
		{
			"from": [2.75, 6.5, 6],
			"to": [2.75, 10.75, 10.25],
			"shade": false,
			"rotation": {"angle": 0, "axis": "z", "origin": [2.75, 11.5, 7]},
			"faces": {
				"west": {"uv": [6, 5, 10, 9], "texture": "#1"}
			}
		},
		{
			"from": [5.75, 6.75, 13.5],
			"to": [10, 11, 13.5],
			"shade": false,
			"rotation": {"angle": 0, "axis": "x", "origin": [7.75, 8.75, 13.5]},
			"faces": {
				"south": {"uv": [6, 5, 10, 9], "texture": "#1"}
			}
		},
		{
			"from": [13.55, 6.5, 6.2],
			"to": [13.55, 10.75, 10.45],
			"shade": false,
			"rotation": {"angle": 0, "axis": "z", "origin": [13.55, 8.5, 8.2]},
			"faces": {
				"east": {"uv": [6, 5, 10, 9], "rotation": 270, "texture": "#1"}
			}
		},
		{
			"from": [6.05, 6.5, 2.7],
			"to": [10.3, 10.75, 2.7],
			"shade": false,
			"rotation": {"angle": 0, "axis": "x", "origin": [8.05, 8.5, 2.7]},
			"faces": {
				"north": {"uv": [6, 5, 10, 9], "rotation": 270, "texture": "#1"}
			}
		},
		{
			"from": [2.25, 0, -4.25],
			"to": [2.25, 18, 15.75],
			"shade": false,
			"rotation": {"angle": 45, "axis": "y", "origin": [8, 8, 0]},
			"faces": {
				"east": {"uv": [0, 0, 16, 16], "texture": "#cross"},
				"west": {"uv": [0, 0, 16, 16], "texture": "#cross"}
			}
		},
		{
			"from": [-2, 0, 8.13173],
			"to": [18, 18, 8.13173],
			"shade": false,
			"rotation": {"angle": 45, "axis": "y", "origin": [8, 8, 8.13173]},
			"faces": {
				"north": {"uv": [0, 0, 16, 16], "texture": "#cross"},
				"south": {"uv": [0, 0, 16, 16], "texture": "#cross"}
			}
		}
	]
}