{
	"credit": "Made by YSBB with Blockbench",
	"parent": "minecraft:block/cross",
	"textures": {
		"1": "block/flower/poppy2",
		"particle": "block/flower/poppy1",
		"cross": "block/flower/poppy1"
	},
	"elements": [
		{
			"from": [5.25, 3.5, 2],
			"to": [10.25, 8.5, 2],
			"shade": false,
			"rotation": {"angle": 22.5, "axis": "x", "origin": [7.5, 4, -0.25]},
			"faces": {
				"north": {"uv": [11, 4, 5, 10], "texture": "#1"}
			}
		},
		{
			"from": [2, 4.23463, 5.59776],
			"to": [2, 9.23463, 10.59776],
			"shade": false,
			"rotation": {"angle": -22.5, "axis": "z", "origin": [-3, 5.23463, 0.09776]},
			"faces": {
				"west": {"uv": [11, 4, 5, 10], "texture": "#1"}
			}
		},
		{
			"from": [14, 3.98463, 5.34776],
			"to": [14, 8.98463, 10.34776],
			"shade": false,
			"rotation": {"angle": 22.5, "axis": "z", "origin": [15, 5.48463, 8.09776]},
			"faces": {
				"east": {"uv": [11, 4, 5, 10], "texture": "#1"}
			}
		},
		{
			"from": [5.41761, 2.12151, 14.34776],
			"to": [10.41761, 7.12151, 14.34776],
			"shade": false,
			"rotation": {"angle": -22.5, "axis": "x", "origin": [5.66761, 3.62151, 13.59776]},
			"faces": {
				"south": {"uv": [11, 4, 5, 10], "texture": "#1"}
			}
		},
		{
			"from": [6, 0, 6.25],
			"to": [22, 17, 6.25],
			"shade": false,
			"rotation": {"angle": -45, "axis": "y", "origin": [9, 9, 0]},
			"faces": {
				"north": {"uv": [0, 0, 16, 16], "texture": "#cross"},
				"south": {"uv": [0, 0, 16, 16], "texture": "#cross"}
			}
		},
		{
			"from": [0.11612, 0, 7.95495],
			"to": [16.11612, 17, 7.95495],
			"shade": false,
			"rotation": {"angle": 45, "axis": "y", "origin": [8.11612, 9, 7.95495]},
			"faces": {
				"north": {"uv": [0, 0, 16, 16], "texture": "#cross"},
				"south": {"uv": [0, 0, 16, 16], "texture": "#cross"}
			}
		}
	]
}