{
	"credit": "Made with Blockbench",
	"parent": "block/block",
	"textures": {
		"5": "create:block/diodes/powered_toggle_latch/powered_powering",
		"top": "create:block/diodes/powered_toggle_latch/idle",
		"torch": "block/redstone_torch",
		"particle": "block/smooth_stone",
		"smooth_stone": "block/smooth_stone",
		"base": "block/cobblestone",
		"lever": "block/lever"
	},
	"elements": [
		{
			"name": "Top",
			"from": [3, 2, 4],
			"to": [13, 3, 12],
			"faces": {
				"north": {"uv": [3, 4, 13, 5], "rotation": 180, "texture": "#5"},
				"east": {"uv": [12, 4, 13, 12], "rotation": 90, "texture": "#5"},
				"south": {"uv": [3, 11, 13, 12], "texture": "#5"},
				"west": {"uv": [3, 4, 4, 12], "rotation": 90, "texture": "#5"},
				"up": {"uv": [3, 4, 13, 12], "texture": "#5"},
				"down": {"uv": [0, 0, 10, 8], "texture": "#5"}
			}
		},
		{
			"name": "circuit",
			"from": [0, 0, 0],
			"to": [16, 2, 16],
			"faces": {
				"north": {"uv": [0, 0, 16, 2], "texture": "#smooth_stone"},
				"east": {"uv": [0, 0, 16, 2], "texture": "#smooth_stone"},
				"south": {"uv": [0, 0, 16, 2], "texture": "#smooth_stone"},
				"west": {"uv": [0, 0, 16, 2], "texture": "#smooth_stone"},
				"up": {"uv": [0, 0, 16, 16], "texture": "#top"},
				"down": {"uv": [0, 0, 16, 16], "texture": "#smooth_stone"}
			}
		},
		{
			"name": "Front Torch Top",
			"from": [7, 2, 1],
			"to": [9, 7, 3],
			"rotation": {"angle": 0, "axis": "y", "origin": [3, 1, 0]},
			"faces": {
				"north": {"uv": [7, 6, 9, 12], "texture": "#torch"},
				"east": {"uv": [7, 6, 9, 12], "texture": "#torch"},
				"south": {"uv": [7, 6, 9, 12], "texture": "#torch"},
				"west": {"uv": [7, 6, 9, 12], "texture": "#torch"},
				"up": {"uv": [7, 6, 9, 8], "texture": "#torch"}
			}
		},
		{
			"from": [4, 2, 5],
			"to": [12, 5, 11],
			"rotation": {"angle": 0, "axis": "y", "origin": [8, 9, 8]},
			"faces": {
				"north": {"uv": [4, 0, 12, 3], "texture": "#base"},
				"east": {"uv": [5, 0, 11, 3], "texture": "#base"},
				"south": {"uv": [4, 0, 12, 3], "texture": "#base"},
				"west": {"uv": [5, 0, 11, 3], "texture": "#base"},
				"up": {"uv": [5, 4, 11, 12], "rotation": 90, "texture": "#base"},
				"down": {"uv": [5, 4, 11, 12], "rotation": 270, "texture": "#base", "cullface": "down"}
			}
		},
		{
			"from": [7, 3, 7],
			"to": [9, 13, 9],
			"rotation": {"angle": 45, "axis": "z", "origin": [8, 3, 8]},
			"faces": {
				"north": {"uv": [7, 6, 9, 16], "texture": "#lever"},
				"east": {"uv": [7, 6, 9, 16], "texture": "#lever"},
				"south": {"uv": [7, 6, 9, 16], "texture": "#lever"},
				"west": {"uv": [7, 6, 9, 16], "texture": "#lever"},
				"up": {"uv": [7, 6, 9, 8], "rotation": 90, "texture": "#lever"}
			}
		}
	],
	"display": {
		"gui": {
			"rotation": [30, 45, 0],
			"translation": [0, 2.5, 0],
			"scale": [0.625, 0.625, 0.625]
		},
		"fixed": {
			"rotation": [270, 0, 0],
			"translation": [0, 0, -3],
			"scale": [0.5, 0.5, 0.5]
		}
	}
}