{
	"credit": "Made with Blockbench",
	"parent": "block/block",
	"textures": {
		"0": "create:block/gearshift_off",
		"1": "create:block/gearbox",
		"particle": "create:block/axis",
		"1_0": "create:block/axis",
		"1_1": "create:block/axis_top"
	},
	"elements": [
		{
			"name": "Bottom",
			"from": [0, 0, 0],
			"to": [16, 2, 16],
			"faces": {
				"north": {"uv": [0, 14, 16, 16], "texture": "#1"},
				"east": {"uv": [0, 14, 16, 16], "texture": "#0"},
				"south": {"uv": [0, 14, 16, 16], "texture": "#1"},
				"west": {"uv": [0, 14, 16, 16], "texture": "#0"},
				"up": {"uv": [0, 0, 16, 16], "texture": "#1"},
				"down": {"uv": [0, 0, 16, 16], "rotation": 270, "texture": "#0"}
			}
		},
		{
			"name": "Core",
			"from": [1, 2, 0.95],
			"to": [15, 14, 15.05],
			"faces": {
				"north": {"uv": [1, 2, 15, 14], "texture": "#1"},
				"south": {"uv": [1, 2, 15, 14], "texture": "#1"}
			}
		},
		{
			"name": "Top",
			"from": [0, 14, 0],
			"to": [16, 16, 16],
			"faces": {
				"north": {"uv": [0, 0, 16, 2], "texture": "#1"},
				"east": {"uv": [0, 0, 16, 2], "texture": "#0"},
				"south": {"uv": [0, 0, 16, 2], "texture": "#1"},
				"west": {"uv": [0, 0, 16, 2], "texture": "#0"},
				"up": {"uv": [0, 0, 16, 16], "rotation": 90, "texture": "#0"},
				"down": {"uv": [0, 0, 16, 16], "texture": "#1"}
			}
		},
		{
			"name": "SideWest",
			"from": [0, 2, 0],
			"to": [2, 14, 16],
			"faces": {
				"north": {"uv": [14, 2, 16, 14], "texture": "#0"},
				"east": {"uv": [0, 2, 16, 14], "texture": "#0"},
				"south": {"uv": [0, 2, 2, 14], "texture": "#0"},
				"west": {"uv": [0, 2, 16, 14], "texture": "#0"}
			}
		},
		{
			"name": "SideEast",
			"from": [14, 2, 0],
			"to": [16, 14, 16],
			"faces": {
				"north": {"uv": [0, 2, 2, 14], "texture": "#0"},
				"east": {"uv": [0, 2, 16, 14], "texture": "#0"},
				"south": {"uv": [14, 2, 16, 14], "texture": "#0"},
				"west": {"uv": [0, 2, 16, 14], "texture": "#0"}
			}
		},
		{
			"name": "Axis",
			"from": [6, 6, 0],
			"to": [10, 10, 16],
			"faces": {
				"north": {"uv": [6, 6, 10, 10], "rotation": 180, "texture": "#1_1"},
				"east": {"uv": [6, 0, 10, 16], "rotation": 90, "texture": "#1_0"},
				"south": {"uv": [6, 6, 10, 10], "texture": "#1_1"},
				"west": {"uv": [6, 0, 10, 16], "rotation": 270, "texture": "#1_0"},
				"up": {"uv": [6, 0, 10, 16], "texture": "#1_0"},
				"down": {"uv": [6, 0, 10, 16], "rotation": 180, "texture": "#1_0"}
			}
		}
	],
	"groups": [
		0,
		1,
		2,
		3,
		4,
		{
			"name": "shaft",
			"origin": [8, 8, 8],
			"color": 0,
			"children": [5]
		}
	]
}