{
	"credit": "Made with Blockbench",
	"parent": "block/block",
	"ambientocclusion": false,
	"textures": {
		"0": "create:block/axis",
		"1": "create:block/axis_top",
		"6": "create:block/piston_bottom",
		"7": "create:block/piston_inner",
		"10": "create:block/andesite_casing_piston",
		"18": "create:block/deployer",
		"particle": "create:block/axis",
		"gearbox": "create:block/gearbox",
		"mechanical_press_pole": "create:block/mechanical_press_pole",
		"mechanical_press_head": "create:block/mechanical_press_head"
	},
	"elements": [
		{
			"name": "Pole1Core",
			"from": [6, 6, 4],
			"to": [10, 10, 12],
			"rotation": {"angle": 0, "axis": "z", "origin": [8, 8, 10]},
			"faces": {
				"east": {"uv": [1, 6, 5, 14], "rotation": 90, "texture": "#mechanical_press_pole"},
				"west": {"uv": [1, 6, 5, 14], "rotation": 270, "texture": "#mechanical_press_pole"},
				"up": {"uv": [1, 6, 5, 14], "texture": "#mechanical_press_pole"},
				"down": {"uv": [6, 6, 10, 14], "rotation": 180, "texture": "#mechanical_press_pole"}
			}
		},
		{
			"name": "Pole2Core",
			"from": [6, 6, -9],
			"to": [10, 10, 4],
			"rotation": {"angle": 0, "axis": "z", "origin": [8, 8, 10]},
			"faces": {
				"north": {"uv": [11, 6, 15, 10], "rotation": 270, "texture": "#mechanical_press_pole"},
				"east": {"uv": [1, 0, 5, 13], "rotation": 90, "texture": "#mechanical_press_pole"},
				"west": {"uv": [1, 0, 5, 13], "rotation": 270, "texture": "#mechanical_press_pole"},
				"up": {"uv": [1, 0, 5, 13], "texture": "#mechanical_press_pole"},
				"down": {"uv": [1, 0, 5, 13], "rotation": 180, "texture": "#mechanical_press_pole"}
			}
		},
		{
			"name": "Cap",
			"from": [5, 5, 12],
			"to": [11, 11, 14],
			"rotation": {"angle": 0, "axis": "y", "origin": [8, 8, -1]},
			"faces": {
				"north": {"uv": [10, 6, 16, 12], "texture": "#mechanical_press_pole"},
				"east": {"uv": [0, 14, 6, 16], "rotation": 90, "texture": "#mechanical_press_pole"},
				"south": {"uv": [10, 6, 16, 12], "texture": "#mechanical_press_pole"},
				"west": {"uv": [0, 14, 6, 16], "rotation": 90, "texture": "#mechanical_press_pole"},
				"up": {"uv": [0, 14, 6, 16], "texture": "#mechanical_press_pole"},
				"down": {"uv": [0, 14, 6, 16], "rotation": 180, "texture": "#mechanical_press_pole"}
			}
		},
		{
			"from": [5, 5, 17],
			"to": [11, 10, 21],
			"rotation": {"angle": 0, "axis": "y", "origin": [7, 7, 5]},
			"faces": {
				"north": {"uv": [0, 8, 2, 13], "texture": "#18"},
				"east": {"uv": [0, 1, 4, 6], "texture": "#18"},
				"south": {"uv": [0, 1, 4, 6], "texture": "#18"},
				"west": {"uv": [0, 8, 4, 13], "texture": "#18"},
				"up": {"uv": [0, 1, 4, 5], "texture": "#18"},
				"down": {"uv": [0, 4, 4, 8], "texture": "#18"}
			}
		},
		{
			"from": [6, 6, 14],
			"to": [10, 9, 18],
			"rotation": {"angle": 0, "axis": "y", "origin": [8, 7, 5]},
			"faces": {
				"north": {"uv": [0, 0, 4, 3], "texture": "#mechanical_press_head"},
				"east": {"uv": [0, 0, 4, 3], "texture": "#mechanical_press_head"},
				"south": {"uv": [0, 0, 4, 3], "texture": "#mechanical_press_head"},
				"west": {"uv": [1, 0, 5, 3], "texture": "#mechanical_press_head"},
				"up": {"uv": [0, 0, 4, 4], "rotation": 270, "texture": "#mechanical_press_head"},
				"down": {"uv": [0, 0, 4, 4], "rotation": 90, "texture": "#mechanical_press_head"}
			}
		},
		{
			"from": [8, 8, 21],
			"to": [10, 10, 25],
			"rotation": {"angle": 0, "axis": "y", "origin": [7, 7, 5]},
			"faces": {
				"north": {"uv": [0, 0, 2, 2], "texture": "#18"},
				"east": {"uv": [2, 3, 4, 9], "rotation": 270, "texture": "#18"},
				"south": {"uv": [0, 1, 2, 3], "texture": "#18"},
				"west": {"uv": [4, 2, 6, 8], "rotation": 90, "texture": "#18"},
				"up": {"uv": [0, 0, 2, 6], "texture": "#18"},
				"down": {"uv": [0, 3, 2, 9], "texture": "#18"}
			}
		},
		{
			"name": "Axis",
			"from": [6, -0.065, 6],
			"to": [10, 16.06, 10],
			"faces": {
				"north": {"uv": [6, 0, 10, 16], "texture": "#0"},
				"east": {"uv": [6, 0, 10, 16], "texture": "#0"},
				"south": {"uv": [6, 0, 10, 16], "texture": "#0"},
				"west": {"uv": [6, 0, 10, 16], "texture": "#0"},
				"up": {"uv": [6, 6, 10, 10], "texture": "#1"},
				"down": {"uv": [6, 6, 10, 10], "texture": "#1"}
			}
		},
		{
			"name": "Inner",
			"from": [0, -0.05, 0],
			"to": [16, 16.05, 12],
			"rotation": {"angle": 0, "axis": "z", "origin": [8, 8, 6]},
			"faces": {
				"north": {"uv": [0, 0, 16, 16], "rotation": 180, "texture": "#6"},
				"east": {"uv": [0, 4, 16, 16], "rotation": 90, "texture": "#10"},
				"south": {"uv": [0, 1, 16, 15], "rotation": 180, "texture": "#7"},
				"west": {"uv": [0, 4, 16, 16], "rotation": 90, "texture": "#10"},
				"up": {"uv": [0, 4, 16, 16], "rotation": 180, "texture": "#gearbox"},
				"down": {"uv": [0, 4, 16, 16], "texture": "#gearbox"}
			}
		}
	],
	"display": {
		"thirdperson_righthand": {
			"rotation": [75, 45, 0],
			"translation": [0, 2.5, 0],
			"scale": [0.375, 0.375, 0.375]
		},
		"thirdperson_lefthand": {
			"rotation": [75, 45, 0],
			"translation": [0, 2.5, 0],
			"scale": [0.375, 0.375, 0.375]
		},
		"firstperson_righthand": {
			"rotation": [0, 45, 0],
			"scale": [0.4, 0.4, 0.4]
		},
		"firstperson_lefthand": {
			"rotation": [0, 225, 0],
			"scale": [0.4, 0.4, 0.4]
		},
		"ground": {
			"translation": [0, 3, 0],
			"scale": [0.25, 0.25, 0.25]
		},
		"gui": {
			"rotation": [30, 45, 0],
			"scale": [0.625, 0.625, 0.625]
		},
		"fixed": {
			"rotation": [0, 180, 0],
			"scale": [0.5, 0.5, 0.5]
		}
	},
	"groups": [
		{
			"name": "pole",
			"origin": [8, 8, 8],
			"color": 0,
			"children": [
				{
					"name": "head",
					"origin": [8, 8, 8],
					"color": 0,
					"children": [0, 1]
				}
			]
		},
		{
			"name": "hand_pointing",
			"origin": [8, 8, 8],
			"color": 0,
			"children": [
				{
					"name": "head",
					"origin": [8, 8, 8],
					"color": 0,
					"children": [
						2,
						{
							"name": "Pointing",
							"origin": [8, 8, 8],
							"color": 0,
							"children": [3, 4, 5]
						}
					]
				}
			]
		},
		{
			"name": "shaft",
			"origin": [8, 8, 8],
			"color": 0,
			"children": [6]
		},
		7
	]
}