{
	"credit": "Made by YSBB with Blockbench",
	"textures": {
		"particle": "block/farmland/beetroots_stage3",
		"crop": "block/farmland/beetroots_stage3"
	},
	"elements": [
		{
			"from": [5.5, 0.5, 11],
			"to": [17.5, 11.5, 11],
			"shade": false,
			"rotation": {"angle": 45, "axis": "y", "origin": [11.5, 6, 12.25]},
			"faces": {
				"north": {"uv": [2, 0, 14, 11], "texture": "#crop"},
				"south": {"uv": [2, 0, 14, 11], "texture": "#crop"}
			}
		},
		{
			"from": [11.5, 1.5, 5],
			"to": [11.5, 12.5, 18],
			"shade": false,
			"rotation": {"angle": 45, "axis": "y", "origin": [11.5, 6, 12.25]},
			"faces": {
				"east": {"uv": [1, 0, 14, 11], "texture": "#crop"},
				"west": {"uv": [2, 0, 15, 11], "texture": "#crop"}
			}
		},
		{
			"name": "d",
			"from": [9, -2, 9.5],
			"to": [13, 1.5, 13.5],
			"faces": {
				"north": {"uv": [12, 12, 16, 16], "texture": "#crop"},
				"east": {"uv": [12, 12, 16, 16], "texture": "#crop"},
				"south": {"uv": [12, 12, 16, 16], "texture": "#crop"},
				"west": {"uv": [12, 12, 16, 16], "texture": "#crop"},
				"up": {"uv": [12, 12, 16, 16], "texture": "#crop"}
			}
		},
		{
			"from": [-2.5, 1, 11.25],
			"to": [9.5, 12, 11.25],
			"shade": false,
			"rotation": {"angle": 45, "axis": "y", "origin": [3.5, 6.5, 12.25]},
			"faces": {
				"north": {"uv": [14, 0, 2, 11], "texture": "#crop"},
				"south": {"uv": [14, 0, 2, 11], "texture": "#crop"}
			}
		},
		{
			"from": [3.5, 2, 4.25],
			"to": [3.5, 13, 17.25],
			"shade": false,
			"rotation": {"angle": 45, "axis": "y", "origin": [3.5, 6.5, 12.25]},
			"faces": {
				"east": {"uv": [1, 0, 14, 11], "texture": "#crop"},
				"west": {"uv": [15, 0, 2, 11], "texture": "#crop"}
			}
		},
		{
			"name": "d",
			"from": [1, -1.5, 9.5],
			"to": [5, 2, 13.5],
			"rotation": {"angle": 0, "axis": "y", "origin": [-8, 0.5, 0]},
			"faces": {
				"north": {"uv": [12, 12, 16, 16], "texture": "#crop"},
				"east": {"uv": [12, 12, 16, 16], "texture": "#crop"},
				"south": {"uv": [12, 12, 16, 16], "texture": "#crop"},
				"west": {"uv": [12, 12, 16, 16], "texture": "#crop"},
				"up": {"uv": [12, 12, 16, 16], "texture": "#crop"}
			}
		},
		{
			"from": [6.5, 2, 4.5],
			"to": [18.5, 13, 4.5],
			"shade": false,
			"rotation": {"angle": 45, "axis": "y", "origin": [12.5, 6.5, 5.25]},
			"faces": {
				"north": {"uv": [2, 0, 14, 11], "texture": "#crop"},
				"south": {"uv": [2, 0, 14, 11], "texture": "#crop"}
			}
		},
		{
			"from": [12.5, 2, -2],
			"to": [12.5, 13, 11],
			"shade": false,
			"rotation": {"angle": 45, "axis": "y", "origin": [12.5, 6.5, 5.25]},
			"faces": {
				"east": {"uv": [14.5, 0, 1.5, 11], "texture": "#crop"},
				"west": {"uv": [2, 0, 15, 11], "texture": "#crop"}
			}
		},
		{
			"name": "d",
			"from": [10, -1.5, 2.5],
			"to": [14, 2, 6.5],
			"rotation": {"angle": 0, "axis": "y", "origin": [1, 0.5, -7]},
			"faces": {
				"north": {"uv": [12, 12, 16, 16], "texture": "#crop"},
				"east": {"uv": [12, 12, 16, 16], "texture": "#crop"},
				"south": {"uv": [12, 12, 16, 16], "texture": "#crop"},
				"west": {"uv": [12, 12, 16, 16], "texture": "#crop"},
				"up": {"uv": [12, 12, 16, 16], "texture": "#crop"}
			}
		},
		{
			"from": [-0.5, 1, 3],
			"to": [11.5, 12, 3],
			"shade": false,
			"rotation": {"angle": 45, "axis": "y", "origin": [5.5, 6.5, 4.25]},
			"faces": {
				"north": {"uv": [2, 0, 14, 11], "texture": "#crop"},
				"south": {"uv": [2, 0, 14, 11], "texture": "#crop"}
			}
		},
		{
			"from": [5.5, 2, -3],
			"to": [5.5, 13, 10],
			"shade": false,
			"rotation": {"angle": 45, "axis": "y", "origin": [5.5, 6.5, 4.25]},
			"faces": {
				"east": {"uv": [15, 0, 2, 11], "texture": "#crop"},
				"west": {"uv": [2, 0, 15, 11], "texture": "#crop"}
			}
		},
		{
			"name": "d",
			"from": [3, -1.5, 1.5],
			"to": [7, 2, 5.5],
			"rotation": {"angle": 0, "axis": "y", "origin": [-6, 0.5, -8]},
			"faces": {
				"north": {"uv": [12, 12, 16, 16], "texture": "#crop"},
				"east": {"uv": [12, 12, 16, 16], "texture": "#crop"},
				"south": {"uv": [12, 12, 16, 16], "texture": "#crop"},
				"west": {"uv": [12, 12, 16, 16], "texture": "#crop"},
				"up": {"uv": [12, 12, 16, 16], "texture": "#crop"}
			}
		}
	],
	"groups": [
		{
			"name": "group",
			"origin": [8, 8, 8],
			"color": 0,
			"children": [0, 1, 2]
		},
		{
			"name": "group",
			"origin": [8, 8, 8],
			"color": 0,
			"children": [3, 4, 5]
		},
		{
			"name": "group",
			"origin": [8, 8, 8],
			"color": 0,
			"children": [6, 7, 8]
		},
		{
			"name": "group",
			"origin": [8, 8, 8],
			"color": 0,
			"children": [9, 10, 11]
		}
	]
}