{
	"credit": "Made by YSBB with Blockbench",
	"textures": {
		"particle": "block/farmland/beetroots_stage0",
		"crop": "block/farmland/beetroots_stage0"
	},
	"elements": [
		{
			"from": [8.5, -0.75, 4.5],
			"to": [18.5, 8.25, 4.5],
			"shade": false,
			"rotation": {"angle": 45, "axis": "y", "origin": [13.25, 5.75, 5.75]},
			"faces": {
				"north": {"uv": [0, 0, 12, 11], "texture": "#crop"},
				"south": {"uv": [2, 0, 14, 11], "texture": "#crop"}
			}
		},
		{
			"from": [12.75, -0.75, 0],
			"to": [12.75, 8.25, 11],
			"shade": false,
			"rotation": {"angle": 45, "axis": "y", "origin": [13.25, 5.75, 5.75]},
			"faces": {
				"east": {"uv": [14.75, 0, 1.75, 11], "texture": "#crop"},
				"west": {"uv": [2, 0, 15, 11], "texture": "#crop"}
			}
		},
		{
			"from": [1, -1.75, 3],
			"to": [11, 7.25, 3],
			"shade": false,
			"rotation": {"angle": 45, "axis": "y", "origin": [6, 4.75, 4.75]},
			"faces": {
				"north": {"uv": [1, 0, 13, 11], "texture": "#crop"},
				"south": {"uv": [1, 0, 13, 11], "texture": "#crop"}
			}
		},
		{
			"from": [6, -1.75, -1.25],
			"to": [6, 7.25, 9.75],
			"shade": false,
			"rotation": {"angle": 45, "axis": "y", "origin": [6, 4.75, 4.75]},
			"faces": {
				"east": {"uv": [14.5, 0, 1.5, 11], "texture": "#crop"},
				"west": {"uv": [2, 0, 15, 11], "texture": "#crop"}
			}
		},
		{
			"from": [-0.5, -0.75, 10.25],
			"to": [9.5, 8.25, 10.25],
			"shade": false,
			"rotation": {"angle": 45, "axis": "y", "origin": [5.25, 5.75, 11.5]},
			"faces": {
				"north": {"uv": [1, 0, 13, 11], "texture": "#crop"},
				"south": {"uv": [1, 0, 13, 11], "texture": "#crop"}
			}
		},
		{
			"from": [4.5, -0.75, 6],
			"to": [4.5, 8.25, 17],
			"shade": false,
			"rotation": {"angle": 45, "axis": "y", "origin": [5.25, 5.75, 11.5]},
			"faces": {
				"east": {"uv": [14.5, 0, 1.5, 11], "texture": "#crop"},
				"west": {"uv": [2, 0, 15, 11], "texture": "#crop"}
			}
		},
		{
			"from": [8, -1.75, 11.75],
			"to": [18, 7.25, 11.75],
			"shade": false,
			"rotation": {"angle": 45, "axis": "y", "origin": [12, 4.75, 13]},
			"faces": {
				"north": {"uv": [1, 0, 13, 11], "texture": "#crop"},
				"south": {"uv": [2, 0, 14, 11], "texture": "#crop"}
			}
		},
		{
			"from": [12.25, -1.75, 7.5],
			"to": [12.25, 7.25, 18.5],
			"shade": false,
			"rotation": {"angle": 45, "axis": "y", "origin": [12, 4.75, 13]},
			"faces": {
				"east": {"uv": [15, 0, 2, 11], "texture": "#crop"},
				"west": {"uv": [2, 0, 15, 11], "texture": "#crop"}
			}
		}
	],
	"groups": [
		{
			"name": "group",
			"origin": [8, 8, 8],
			"color": 0,
			"children": [0, 1]
		},
		{
			"name": "group",
			"origin": [8, 8, 8],
			"color": 0,
			"children": [2, 3]
		},
		{
			"name": "group",
			"origin": [8, 8, 8],
			"color": 0,
			"children": [4, 5]
		},
		{
			"name": "group",
			"origin": [8, 8, 8],
			"color": 0,
			"children": [6, 7]
		}
	]
}