{
	"credit": "Made by YSBB with Blockbench",
	"textures": {
		"2": "block/farmland/carrots_stage4",
		"particle": "block/farmland/carrots_stage3",
		"crop": "block/farmland/carrots_stage3"
	},
	"elements": [
		{
			"from": [5.5, 1.5, 12],
			"to": [17.5, 12.5, 12],
			"shade": false,
			"rotation": {"angle": 45, "axis": "y", "origin": [11.5, 6.5, 12.25]},
			"faces": {
				"north": {"uv": [2, 0, 14, 11], "texture": "#2"},
				"south": {"uv": [2, 0, 14, 11], "texture": "#2"}
			}
		},
		{
			"from": [11.5, 1.5, 5],
			"to": [11.5, 12.5, 18],
			"shade": false,
			"rotation": {"angle": 45, "axis": "y", "origin": [11.5, 6.5, 12.25]},
			"faces": {
				"east": {"uv": [2, 0, 15, 11], "texture": "#2"},
				"west": {"uv": [1, 0, 14, 11], "texture": "#2"}
			}
		},
		{
			"name": "ysbb",
			"from": [9.75, -1.5, 10.25],
			"to": [13.25, 1.5, 13.75],
			"rotation": {"angle": 0, "axis": "y", "origin": [0, 0.5, 0]},
			"faces": {
				"north": {"uv": [12, 12, 16, 16], "texture": "#crop"},
				"east": {"uv": [12, 12, 16, 16], "texture": "#crop"},
				"south": {"uv": [12, 12, 16, 16], "texture": "#crop"},
				"west": {"uv": [12, 12, 16, 16], "texture": "#crop"},
				"up": {"uv": [12, 12, 16, 16], "texture": "#crop"}
			}
		},
		{
			"from": [6.5, 2, 4],
			"to": [18.5, 13, 4],
			"shade": false,
			"rotation": {"angle": 45, "axis": "y", "origin": [12.5, 7, 4.25]},
			"faces": {
				"north": {"uv": [2, 0, 14, 11], "texture": "#2"},
				"south": {"uv": [2, 0, 14, 11], "texture": "#2"}
			}
		},
		{
			"from": [12.5, 2, -3],
			"to": [12.5, 13, 10],
			"shade": false,
			"rotation": {"angle": 45, "axis": "y", "origin": [12.5, 7, 4.25]},
			"faces": {
				"east": {"uv": [2, 0, 15, 11], "texture": "#2"},
				"west": {"uv": [1, 0, 14, 11], "texture": "#2"}
			}
		},
		{
			"name": "ysbb",
			"from": [10.75, -1, 2.25],
			"to": [14.25, 2, 5.75],
			"rotation": {"angle": 0, "axis": "y", "origin": [1, 1, -8]},
			"faces": {
				"north": {"uv": [12, 12, 16, 16], "texture": "#crop"},
				"east": {"uv": [12, 12, 16, 16], "texture": "#crop"},
				"south": {"uv": [12, 12, 16, 16], "texture": "#crop"},
				"west": {"uv": [12, 12, 16, 16], "texture": "#crop"},
				"up": {"uv": [12, 12, 16, 16], "texture": "#crop"}
			}
		},
		{
			"from": [-1.5, 1.5, 3],
			"to": [10.5, 12.5, 3],
			"shade": false,
			"rotation": {"angle": 45, "axis": "y", "origin": [4.5, 6.5, 3.25]},
			"faces": {
				"north": {"uv": [2, 0, 14, 11], "texture": "#2"},
				"south": {"uv": [2, 0, 14, 11], "texture": "#2"}
			}
		},
		{
			"from": [4.5, 1.5, -4],
			"to": [4.5, 12.5, 9],
			"shade": false,
			"rotation": {"angle": 45, "axis": "y", "origin": [4.5, 6.5, 3.25]},
			"faces": {
				"east": {"uv": [2, 0, 15, 11], "texture": "#2"},
				"west": {"uv": [1, 0, 14, 11], "texture": "#2"}
			}
		},
		{
			"name": "ysbb",
			"from": [2.75, -1.5, 1.25],
			"to": [6.25, 1.5, 4.75],
			"rotation": {"angle": 0, "axis": "y", "origin": [-7, 0.5, -9]},
			"faces": {
				"north": {"uv": [12, 12, 16, 16], "texture": "#crop"},
				"east": {"uv": [12, 12, 16, 16], "texture": "#crop"},
				"south": {"uv": [12, 12, 16, 16], "texture": "#crop"},
				"west": {"uv": [12, 12, 16, 16], "texture": "#crop"},
				"up": {"uv": [12, 12, 16, 16], "texture": "#crop"}
			}
		},
		{
			"from": [-2.5, 2, 12],
			"to": [9.5, 13, 12],
			"shade": false,
			"rotation": {"angle": 45, "axis": "y", "origin": [3.5, 7, 12.25]},
			"faces": {
				"north": {"uv": [2, 0, 14, 11], "texture": "#2"},
				"south": {"uv": [2, 0, 14, 11], "texture": "#2"}
			}
		},
		{
			"from": [3.5, 2, 5],
			"to": [3.5, 13, 18],
			"shade": false,
			"rotation": {"angle": 45, "axis": "y", "origin": [3.5, 7, 12.25]},
			"faces": {
				"east": {"uv": [2, 0, 15, 11], "texture": "#2"},
				"west": {"uv": [1, 0, 14, 11], "texture": "#2"}
			}
		},
		{
			"name": "ysbb",
			"from": [1.75, -1, 10.25],
			"to": [5.25, 2, 13.75],
			"rotation": {"angle": 0, "axis": "y", "origin": [-8, 1, 0]},
			"faces": {
				"north": {"uv": [12, 12, 16, 16], "texture": "#crop"},
				"east": {"uv": [12, 12, 16, 16], "texture": "#crop"},
				"south": {"uv": [12, 12, 16, 16], "texture": "#crop"},
				"west": {"uv": [12, 12, 16, 16], "texture": "#crop"},
				"up": {"uv": [12, 12, 16, 16], "texture": "#crop"}
			}
		}
	],
	"groups": [
		{
			"name": "group",
			"origin": [8, 8, 8],
			"color": 0,
			"shade": false,
			"children": [0, 1, 2]
		},
		{
			"name": "group",
			"origin": [8, 8, 8],
			"color": 0,
			"shade": false,
			"children": [3, 4, 5]
		},
		{
			"name": "group",
			"origin": [8, 8, 8],
			"color": 0,
			"shade": false,
			"children": [6, 7, 8]
		},
		{
			"name": "group",
			"origin": [8, 8, 8],
			"color": 0,
			"shade": false,
			"children": [9, 10, 11]
		}
	]
}