{
	"credit": "Made by YSBB with Blockbench",
	"textures": {
		"particle": "block/farmland/potatoes_stage0",
		"crop": "block/farmland/potatoes_stage0"
	},
	"elements": [
		{
			"from": [-0.75, -4.75, 12.25],
			"to": [8.25, 8.25, 12.25],
			"shade": false,
			"rotation": {"angle": 45, "axis": "y", "origin": [4.25, 4.5, 12.5]},
			"faces": {
				"north": {"uv": [2, 0, 11, 14], "texture": "#crop"},
				"south": {"uv": [1, 0, 10, 14], "texture": "#crop"}
			}
		},
		{
			"from": [4.25, -4.75, 8.25],
			"to": [4.25, 8.25, 17.25],
			"shade": false,
			"rotation": {"angle": 45, "axis": "y", "origin": [4.25, 4.5, 12.5]},
			"faces": {
				"east": {"uv": [1, 0, 10, 14], "texture": "#crop"},
				"west": {"uv": [2, 0, 11, 14], "texture": "#crop"}
			}
		},
		{
			"from": [1, -2.75, 15.25],
			"to": [10, 10.25, 15.25],
			"shade": false,
			"rotation": {"angle": 45, "axis": "y", "origin": [3.5, 6.5, 5]},
			"faces": {
				"north": {"uv": [1, 0, 10, 14], "texture": "#crop"},
				"south": {"uv": [2, 0, 11, 14], "texture": "#crop"}
			}
		},
		{
			"from": [5, -2.75, 10.25],
			"to": [5, 10.25, 19.25],
			"shade": false,
			"rotation": {"angle": 45, "axis": "y", "origin": [3.5, 6.5, 5]},
			"faces": {
				"east": {"uv": [2, 0, 11, 14], "texture": "#crop"},
				"west": {"uv": [1, 0, 10, 14], "texture": "#crop"}
			}
		},
		{
			"from": [7.5, -3.75, 3.75],
			"to": [16.5, 9.25, 3.75],
			"shade": false,
			"rotation": {"angle": 45, "axis": "y", "origin": [11.5, 4.5, 4]},
			"faces": {
				"north": {"uv": [1, 0, 10, 14], "texture": "#crop"},
				"south": {"uv": [2, 0, 11, 14], "texture": "#crop"}
			}
		},
		{
			"from": [11.5, -3.75, -0.25],
			"to": [11.5, 9.25, 8.75],
			"shade": false,
			"rotation": {"angle": 45, "axis": "y", "origin": [11.5, 4.5, 4]},
			"faces": {
				"east": {"uv": [1, 0, 10, 14], "texture": "#crop"},
				"west": {"uv": [2, 0, 11, 14], "texture": "#crop"}
			}
		},
		{
			"from": [-0.5, -2.75, 4.75],
			"to": [8.5, 10.25, 4.75],
			"shade": false,
			"rotation": {"angle": 45, "axis": "y", "origin": [3.5, 6.5, 5]},
			"faces": {
				"north": {"uv": [1, 0, 10, 14], "texture": "#crop"},
				"south": {"uv": [2, 0, 11, 14], "texture": "#crop"}
			}
		},
		{
			"from": [3.5, -2.75, -0.25],
			"to": [3.5, 10.25, 8.75],
			"shade": false,
			"rotation": {"angle": 45, "axis": "y", "origin": [3.5, 6.5, 5]},
			"faces": {
				"east": {"uv": [2, 0, 11, 14], "texture": "#crop"},
				"west": {"uv": [1, 0, 10, 14], "texture": "#crop"}
			}
		}
	],
	"groups": [
		{
			"name": "group",
			"origin": [8, 8, 8],
			"color": 0,
			"shade": false,
			"children": [0, 1]
		},
		{
			"name": "group",
			"origin": [8, 8, 8],
			"color": 0,
			"shade": false,
			"children": [2, 3]
		},
		{
			"name": "group",
			"origin": [8, 8, 8],
			"color": 0,
			"shade": false,
			"children": [4, 5]
		},
		{
			"name": "group",
			"origin": [8, 8, 8],
			"color": 0,
			"shade": false,
			"children": [6, 7]
		}
	]
}