{
	"credit": "Made by YSBB with Blockbench",
	"parent": "minecraft:block/stem_growth0",
	"textures": {
		"stem": "block/pumpkin_stem1"
	},
	"elements": [
		{
			"from": [0, -1, 8],
			"to": [16, 1, 8],
			"rotation": {"angle": 45, "axis": "y", "origin": [8, 8, 8], "rescale": true},
			"faces": {
				"north": {"uv": [0, 0, 16, 2], "texture": "#stem"},
				"south": {"uv": [16, 0, 0, 2], "texture": "#stem"}
			}
		},
		{
			"from": [8, -1, 0],
			"to": [8, 1, 16],
			"rotation": {"angle": 45, "axis": "y", "origin": [8, 8, 8], "rescale": true},
			"faces": {
				"east": {"uv": [16, 0, 0, 2], "texture": "#stem"},
				"west": {"uv": [0, 0, 16, 2], "texture": "#stem"}
			}
		}
	]
}