{
	"credit": "Made with Blockbench",
	"parent": "block/block",
	"textures": {
		"0": "create:block/clutch_off",
		"1": "create:block/gearbox",
		"particle": "create:block/axis",
		"1_0": "create:block/axis",
		"1_1": "create:block/axis_top"
	},
	"elements": [
		{
			"from": [0, 0, 0],
			"to": [16, 16, 16],
			"rotation": {"angle": 0, "axis": "y", "origin": [8, 8, -8]},
			"faces": {
				"north": {"uv": [0, 0, 16, 16], "texture": "#1"},
				"east": {"uv": [0, 0, 16, 16], "texture": "#0"},
				"south": {"uv": [0, 0, 16, 16], "texture": "#1"},
				"west": {"uv": [0, 16, 16, 0], "rotation": 180, "texture": "#0"},
				"up": {"uv": [0, 0, 16, 16], "rotation": 270, "texture": "#0"},
				"down": {"uv": [0, 0, 16, 16], "rotation": 90, "texture": "#0"}
			}
		},
		{
			"name": "Axis",
			"from": [6, 6, -0.065],
			"to": [10, 10, 16.06],
			"faces": {
				"north": {"uv": [6, 6, 10, 10], "rotation": 180, "texture": "#1_1"},
				"east": {"uv": [6, 0, 10, 16], "rotation": 90, "texture": "#1_0"},
				"south": {"uv": [6, 6, 10, 10], "texture": "#1_1"},
				"west": {"uv": [6, 0, 10, 16], "rotation": 270, "texture": "#1_0"},
				"up": {"uv": [6, 0, 10, 16], "texture": "#1_0"},
				"down": {"uv": [6, 0, 10, 16], "rotation": 180, "texture": "#1_0"}
			}
		}
	],
	"groups": [
		0,
		{
			"name": "shaft",
			"origin": [8, 8, 8],
			"color": 0,
			"children": [1]
		}
	]
}