{
	"credit": "Made with Blockbench",
	"parent": "block/block",
	"textures": {
		"base": "create:block/funnel/brass_funnel",
		"direction": "create:block/funnel/brass_funnel_pull",
		"redstone": "create:block/funnel/brass_funnel_unpowered",
		"particle": "create:block/brass_block"
	},
	"elements": [
		{
			"name": "Back",
			"from": [2.05, -2, 12],
			"to": [13.95, 13.95, 18.1],
			"rotation": {"angle": 0, "axis": "y", "origin": [8, -8.1, 6]},
			"faces": {
				"north": {"uv": [0, 0, 6, 8], "rotation": 180, "texture": "#base"},
				"east": {"uv": [0, 0, 4, 16], "texture": "#redstone"},
				"south": {"uv": [0, 8, 6, 16], "texture": "#base"},
				"west": {"uv": [0, 0, 4, 16], "rotation": 180, "texture": "#redstone"},
				"up": {"uv": [8, 2, 12, 14], "rotation": 270, "texture": "#redstone"},
				"down": {"uv": [12, 2, 8, 14], "rotation": 270, "texture": "#redstone"}
			}
		},
		{
			"name": "RearBackPlate",
			"from": [2, 9.9, 10],
			"to": [14, 11.9, 14],
			"rotation": {"angle": 0, "axis": "y", "origin": [7, 6.9, 8]},
			"faces": {
				"down": {"uv": [13, 8, 15, 14], "rotation": 90, "texture": "#base"}
			}
		},
		{
			"name": "External",
			"from": [-0.05, -3, 13],
			"to": [16.05, 16, 19],
			"rotation": {"angle": -22.5, "axis": "x", "origin": [0, -3, 13]},
			"faces": {
				"north": {"uv": [0, 0, 8, 9.5], "texture": "#direction"},
				"east": {"uv": [11, 0, 8, 9.5], "texture": "#direction"},
				"south": {"uv": [0, 6.5, 8, 16], "rotation": 180, "texture": "#direction"},
				"west": {"uv": [8, 0, 11, 9.5], "texture": "#direction"},
				"up": {"uv": [11, 0, 14, 8], "rotation": 90, "texture": "#direction"},
				"down": {"uv": [0, 6.5, 8, 9.5], "texture": "#direction"}
			}
		},
		{
			"name": "Internal",
			"from": [1.9, -3, 19],
			"to": [14.1, 10.05, 13],
			"rotation": {"angle": -22.5, "axis": "x", "origin": [0, -3, 13]},
			"faces": {
				"east": {"uv": [13, 16, 16, 9.5], "rotation": 180, "texture": "#base"},
				"west": {"uv": [13, 12.5, 16, 6], "texture": "#base"},
				"up": {"uv": [13, 8, 16, 14], "rotation": 90, "texture": "#base"}
			}
		}
	],
	"groups": [
		{
			"name": "block_retracted",
			"origin": [8, 8, 8],
			"color": 0,
			"children": [
				{
					"name": "BeltFunnel",
					"origin": [9, -4, 8],
					"color": 0,
					"children": [
						{
							"name": "Base",
							"origin": [9, -4, 8],
							"color": 0,
							"children": [0, 1]
						}
					]
				}
			]
		},
		{
			"name": "Front_section",
			"origin": [8, 8, 8],
			"color": 0,
			"children": [2, 3]
		}
	]
}