{
	"credit": "Made with Blockbench",
	"parent": "minecraft:block/cross",
	"textures": {
		"particle": "block/amethyst_cluster1",
		"cross": "block/amethyst_cluster1"
	},
	"elements": [
		{
			"from": [5.5, 0, 8],
			"to": [9, 12, 11.5],
			"rotation": {"angle": 22.5, "axis": "y", "origin": [7.75, 7, 10.25]},
			"faces": {
				"north": {"uv": [5, 1, 10, 16], "texture": "#cross"},
				"east": {"uv": [5, 1, 10, 16], "texture": "#cross"},
				"south": {"uv": [5, 1, 10, 16], "texture": "#cross"},
				"west": {"uv": [5, 1, 10, 16], "texture": "#cross"},
				"up": {"uv": [5, 1, 10, 6], "texture": "#cross"}
			}
		},
		{
			"from": [6.93434, -0.86524, 12.5],
			"to": [9.93434, 7.13476, 15.5],
			"rotation": {"angle": 22.5, "axis": "x", "origin": [8.93434, 7.13476, 16.5]},
			"faces": {
				"north": {"uv": [5, 1, 10, 16], "texture": "#cross"},
				"east": {"uv": [5, 1, 10, 16], "texture": "#cross"},
				"south": {"uv": [5, 1, 10, 16], "texture": "#cross"},
				"west": {"uv": [5, 1, 10, 16], "texture": "#cross"},
				"up": {"uv": [5, 1, 10, 6], "texture": "#cross"}
			}
		},
		{
			"from": [6.93434, 0.38476, 0.5],
			"to": [10.73434, 8.38476, 4.3],
			"rotation": {"angle": -22.5, "axis": "x", "origin": [8.93434, 7.38476, 2.5]},
			"faces": {
				"north": {"uv": [5, 1, 10, 16], "texture": "#cross"},
				"east": {"uv": [5, 1, 10, 16], "texture": "#cross"},
				"south": {"uv": [5, 1, 10, 16], "texture": "#cross"},
				"west": {"uv": [5, 1, 10, 16], "texture": "#cross"},
				"up": {"uv": [5, 1, 10, 6], "texture": "#cross"}
			}
		},
		{
			"from": [1.43434, -0.11524, 7],
			"to": [4.43434, 7.88476, 10],
			"rotation": {"angle": 22.5, "axis": "z", "origin": [2.68434, 5.63476, 9]},
			"faces": {
				"north": {"uv": [5, 1, 10, 16], "texture": "#cross"},
				"east": {"uv": [5, 1, 10, 16], "texture": "#cross"},
				"south": {"uv": [5, 1, 10, 16], "texture": "#cross"},
				"west": {"uv": [5, 1, 10, 16], "texture": "#cross"},
				"up": {"uv": [5, 1, 10, 6], "texture": "#cross"}
			}
		},
		{
			"from": [12.68434, -2.36524, 6.75],
			"to": [15.68434, 6.63476, 9.75],
			"rotation": {"angle": -45, "axis": "z", "origin": [14.68434, 5.38476, 9]},
			"faces": {
				"north": {"uv": [5, 1, 10, 16], "texture": "#cross"},
				"east": {"uv": [5, 1, 10, 16], "texture": "#cross"},
				"south": {"uv": [5, 1, 10, 16], "texture": "#cross"},
				"west": {"uv": [5, 1, 10, 16], "texture": "#cross"},
				"up": {"uv": [5, 1, 10, 6], "texture": "#cross"}
			}
		},
		{
			"from": [5, 0, 5],
			"to": [7, 5, 7],
			"rotation": {"angle": 22.5, "axis": "z", "origin": [5, 0, 5]},
			"faces": {
				"north": {"uv": [6, 11, 8, 16], "texture": "#cross"},
				"east": {"uv": [9, 11, 11, 16], "texture": "#cross"},
				"south": {"uv": [8, 11, 10, 16], "texture": "#cross"},
				"west": {"uv": [5, 11, 7, 16], "texture": "#cross"},
				"up": {"uv": [5, 4, 7, 6], "texture": "#cross"}
			}
		},
		{
			"from": [4.25, -1, 10.5],
			"to": [7.25, 3, 13.5],
			"rotation": {"angle": 22.5, "axis": "z", "origin": [5.25, 0, 11.5]},
			"faces": {
				"north": {"uv": [10, 13, 12, 16], "texture": "#cross"},
				"east": {"uv": [9, 13, 11, 16], "texture": "#cross"},
				"south": {"uv": [5, 12, 8, 16], "texture": "#cross"},
				"west": {"uv": [7, 13, 9, 16], "texture": "#cross"},
				"up": {"uv": [2, 10, 5, 13], "texture": "#cross"}
			}
		},
		{
			"from": [3.57926, -0.88478, 2.25],
			"to": [6.57926, 3.11522, 5.25],
			"rotation": {"angle": 0, "axis": "z", "origin": [5.07926, 1.11522, 3.75]},
			"faces": {
				"north": {"uv": [10, 13, 12, 16], "texture": "#cross"},
				"east": {"uv": [9, 13, 11, 16], "texture": "#cross"},
				"south": {"uv": [5, 12, 8, 16], "texture": "#cross"},
				"west": {"uv": [7, 13, 9, 16], "texture": "#cross"},
				"up": {"uv": [2, 10, 5, 13], "texture": "#cross"}
			}
		},
		{
			"from": [10, -1, 10],
			"to": [13, 5, 13],
			"rotation": {"angle": 45, "axis": "x", "origin": [10, 2, 10]},
			"faces": {
				"north": {"uv": [7, 10, 10, 13], "texture": "#cross"},
				"east": {"uv": [4, 10, 8, 16], "texture": "#cross"},
				"south": {"uv": [7, 13, 10, 16], "texture": "#cross"},
				"west": {"uv": [9, 13, 12, 16], "texture": "#cross"},
				"up": {"uv": [12, 9, 15, 12], "texture": "#cross"}
			}
		},
		{
			"from": [10.75, -4, 4.5],
			"to": [13.25, 3, 7],
			"rotation": {"angle": -45, "axis": "x", "origin": [10.75, 0, 4.5]},
			"faces": {
				"north": {"uv": [6, 12, 9, 16], "texture": "#cross"},
				"east": {"uv": [5, 9, 8, 16], "texture": "#cross"},
				"south": {"uv": [9, 11, 12, 15], "texture": "#cross"},
				"west": {"uv": [7, 11, 10, 15], "texture": "#cross"},
				"up": {"uv": [5, 4, 8, 7], "texture": "#cross"}
			}
		},
		{
			"from": [2.5, 0, 7.5],
			"to": [4.5, 4, 9.5],
			"rotation": {"angle": 45, "axis": "z", "origin": [3.5, 0, 8]},
			"faces": {
				"north": {"uv": [6, 10, 7, 15], "texture": "#cross"},
				"east": {"uv": [7, 8, 9, 13], "texture": "#cross"},
				"south": {"uv": [6, 10, 7, 15], "texture": "#cross"},
				"west": {"uv": [7, 8, 8, 13], "texture": "#cross"},
				"up": {"uv": [10, 11, 11, 13], "texture": "#cross"}
			}
		},
		{
			"from": [8.5, -0.25, 5],
			"to": [12, 9.25, 8.5],
			"rotation": {"angle": 0, "axis": "y", "origin": [10.25, 5, 6.75]},
			"faces": {
				"north": {"uv": [6, 8, 10, 16], "texture": "#cross"},
				"east": {"uv": [5, 7, 9, 16], "texture": "#cross"},
				"south": {"uv": [6, 7, 10, 16], "texture": "#cross"},
				"west": {"uv": [5, 7, 9, 16], "texture": "#cross"},
				"up": {"uv": [5, 4, 9, 8], "texture": "#cross"}
			}
		},
		{
			"from": [5.25, 1, 7],
			"to": [7.75, 7, 9.5],
			"rotation": {"angle": -22.5, "axis": "x", "origin": [5.25, 1, 7]},
			"faces": {
				"north": {"uv": [5, 10, 8, 16], "texture": "#cross"},
				"east": {"uv": [5, 10, 8, 16], "texture": "#cross"},
				"south": {"uv": [7, 10, 10, 16], "texture": "#cross"},
				"west": {"uv": [6, 9, 9, 15], "texture": "#cross"},
				"up": {"uv": [5, 6, 8, 9], "texture": "#cross"}
			}
		},
		{
			"from": [9.25, 2.75, 8.75],
			"to": [12.25, 6.25, 11.25],
			"rotation": {"angle": 22.5, "axis": "y", "origin": [10.25, 4, 10]},
			"faces": {
				"north": {"uv": [5, 10, 8, 14], "texture": "#cross"},
				"east": {"uv": [7, 10, 10, 14], "texture": "#cross"},
				"south": {"uv": [5, 11, 8, 15], "texture": "#cross"},
				"west": {"uv": [6, 11, 9, 15], "texture": "#cross"},
				"up": {"uv": [7, 10, 10, 13], "rotation": 90, "texture": "#cross"}
			}
		},
		{
			"from": [11, 0, 8],
			"to": [15, 2, 10],
			"rotation": {"angle": 0, "axis": "y", "origin": [1, 0, 1]},
			"faces": {
				"north": {"uv": [5, 10, 7, 12], "texture": "#cross"},
				"east": {"uv": [3, 12, 5, 14], "texture": "#cross"},
				"south": {"uv": [10, 13, 12, 15], "texture": "#cross"},
				"up": {"uv": [6, 12, 8, 14], "texture": "#cross"},
				"down": {"uv": [7, 7, 9, 9], "texture": "#cross"}
			}
		}
	]
}