{
	"credit": "Made with Blockbench",
	"parent": "block/block",
	"textures": {
		"particle": "block/chain",
		"all": "block/chain"
	},
	"elements": [
		{
			"name": "D",
			"from": [8.5, 2.01, 7.5],
			"to": [7.5, 2.99, 8.5],
			"rotation": {"angle": 45, "axis": "y", "origin": [8, 8, 8]},
			"faces": {
				"north": {"uv": [1, 15, 2, 16], "texture": "#all"},
				"east": {"uv": [1, 14, 2, 15], "texture": "#all"},
				"south": {"uv": [1, 15, 2, 16], "texture": "#all"},
				"west": {"uv": [1, 14, 2, 15], "texture": "#all"},
				"up": {"uv": [1, 14, 2, 15], "texture": "#all"},
				"down": {"uv": [1, 14, 2, 15], "texture": "#all"}
			}
		},
		{
			"name": "D",
			"from": [6.5, 1, 7.5],
			"to": [9.5, 4, 8.5],
			"rotation": {"angle": 45, "axis": "y", "origin": [8, 8, 8]},
			"faces": {
				"north": {"uv": [0, 12, 3, 15], "texture": "#all"},
				"east": {"uv": [0, 12, 1, 15], "texture": "#all"},
				"south": {"uv": [0, 12, 3, 15], "texture": "#all"},
				"west": {"uv": [2, 12, 3, 15], "texture": "#all"},
				"up": {"uv": [0, 12, 3, 13], "texture": "#all"},
				"down": {"uv": [0, 14, 3, 15], "texture": "#all"}
			}
		},
		{
			"from": [7.5, 0, 8.5],
			"to": [8.5, 2, 9.5],
			"rotation": {"angle": 45, "axis": "y", "origin": [8, 8, 8]},
			"faces": {
				"north": {"uv": [5, 14, 6, 16], "texture": "#all"},
				"east": {"uv": [5, 14, 6, 16], "texture": "#all"},
				"south": {"uv": [5, 14, 6, 16], "texture": "#all"},
				"west": {"uv": [5, 14, 6, 16], "texture": "#all"},
				"up": {"uv": [5, 14, 6, 15], "texture": "#all"},
				"down": {"uv": [5, 14, 6, 15], "texture": "#all", "cullface": "down"}
			}
		},
		{
			"from": [7.5, 0, 6.5],
			"to": [8.5, 2, 7.5],
			"rotation": {"angle": 45, "axis": "y", "origin": [8, 8, 8]},
			"faces": {
				"north": {"uv": [3, 14, 4, 16], "texture": "#all"},
				"east": {"uv": [3, 14, 4, 16], "texture": "#all"},
				"south": {"uv": [3, 14, 4, 16], "texture": "#all"},
				"west": {"uv": [3, 14, 4, 16], "texture": "#all"},
				"up": {"uv": [3, 14, 4, 15], "texture": "#all"},
				"down": {"uv": [3, 14, 4, 15], "texture": "#all", "cullface": "down"}
			}
		},
		{
			"name": "D",
			"from": [7.5, 14, 6.5],
			"to": [8.5, 16, 7.5],
			"rotation": {"angle": 45, "axis": "y", "origin": [8, 8, 8]},
			"faces": {
				"north": {"uv": [3, 0, 4, 2], "texture": "#all"},
				"east": {"uv": [3, 0, 4, 2], "texture": "#all"},
				"south": {"uv": [3, 0, 4, 2], "texture": "#all"},
				"west": {"uv": [3, 0, 4, 2], "texture": "#all"},
				"up": {"uv": [3, 0, 4, 1], "texture": "#all"},
				"down": {"uv": [3, 0, 4, 1], "texture": "#all"}
			}
		},
		{
			"name": "D",
			"from": [7.5, 14, 8.5],
			"to": [8.5, 16, 9.5],
			"rotation": {"angle": 45, "axis": "y", "origin": [8, 8, 8]},
			"faces": {
				"north": {"uv": [5, 0, 6, 2], "texture": "#all"},
				"east": {"uv": [5, 0, 6, 2], "texture": "#all"},
				"south": {"uv": [5, 0, 6, 2], "texture": "#all"},
				"west": {"uv": [5, 0, 6, 2], "texture": "#all"},
				"up": {"uv": [5, 0, 6, 1], "texture": "#all"},
				"down": {"uv": [5, 1, 6, 2], "texture": "#all"}
			}
		},
		{
			"from": [7.5, 13.02, 8.5],
			"to": [8.5, 13.99, 7.5],
			"rotation": {"angle": 45, "axis": "y", "origin": [8, 8, 8]},
			"faces": {
				"north": {"uv": [7, 0, 8, 1], "texture": "#all"},
				"east": {"uv": [0, 3, 1, 4], "texture": "#all"},
				"south": {"uv": [7, 0, 8, 1], "texture": "#all"},
				"west": {"uv": [3, 5, 4, 6], "texture": "#all"},
				"up": {"uv": [4, 3, 5, 4], "texture": "#all"},
				"down": {"uv": [4, 3, 5, 4], "texture": "#all"}
			}
		},
		{
			"from": [6.5, 12, 7.5],
			"to": [9.5, 15, 8.5],
			"rotation": {"angle": 45, "axis": "y", "origin": [8, 8, 8]},
			"faces": {
				"north": {"uv": [0, 1, 3, 4], "texture": "#all"},
				"east": {"uv": [0, 3, 1, 4], "texture": "#all"},
				"south": {"uv": [0, 1, 3, 4], "texture": "#all"},
				"west": {"uv": [3, 5, 4, 6], "texture": "#all"},
				"up": {"uv": [0, 3, 3, 4], "texture": "#all"},
				"down": {"uv": [0, 3, 3, 4], "texture": "#all"}
			}
		},
		{
			"name": "D",
			"from": [8.5, 10.03, 7.5],
			"to": [7.5, 11.99, 8.5],
			"rotation": {"angle": 45, "axis": "y", "origin": [8, 8, 8]},
			"faces": {
				"north": {"uv": [5, 3, 6, 5], "texture": "#all"},
				"east": {"uv": [7, 0, 8, 2], "texture": "#all"},
				"south": {"uv": [3, 0, 4, 2], "texture": "#all"},
				"west": {"uv": [7, 0, 8, 2], "texture": "#all"},
				"up": {"uv": [1, 3, 2, 4], "texture": "#all"},
				"down": {"uv": [0, 1, 1, 2], "texture": "#all"}
			}
		},
		{
			"name": "D",
			"from": [7.5, 9, 6.5],
			"to": [8.5, 13, 9.5],
			"rotation": {"angle": 45, "axis": "y", "origin": [8, 8, 8]},
			"faces": {
				"north": {"uv": [5, 3, 6, 7], "texture": "#all"},
				"east": {"uv": [3, 3, 6, 7], "texture": "#all"},
				"south": {"uv": [5, 3, 6, 7], "texture": "#all"},
				"west": {"uv": [3, 3, 6, 7], "texture": "#all"},
				"up": {"uv": [3, 3, 6, 4], "rotation": 90, "texture": "#all"},
				"down": {"uv": [3, 6, 6, 7], "rotation": 90, "texture": "#all"}
			}
		},
		{
			"name": "D",
			"from": [8.5, 7.01, 7.5],
			"to": [7.5, 8.99, 8.5],
			"rotation": {"angle": 45, "axis": "y", "origin": [8, 8, 8]},
			"faces": {
				"north": {"uv": [1, 7, 1, 9], "texture": "#all"},
				"east": {"uv": [2, 7, 3, 9], "texture": "#all"},
				"south": {"uv": [1, 7, 1, 9], "texture": "#all"},
				"west": {"uv": [2, 7, 3, 9], "texture": "#all"},
				"up": {"uv": [2, 7, 2, 8], "texture": "#all"},
				"down": {"uv": [2, 8, 2, 9], "texture": "#all"}
			}
		},
		{
			"name": "D",
			"from": [6.5, 6, 7.5],
			"to": [9.5, 10, 8.5],
			"rotation": {"angle": 45, "axis": "y", "origin": [8, 8, 8]},
			"faces": {
				"north": {"uv": [0, 6, 3, 10], "texture": "#all"},
				"east": {"uv": [2, 6, 3, 10], "texture": "#all"},
				"south": {"uv": [0, 6, 3, 10], "texture": "#all"},
				"west": {"uv": [0, 6, 1, 10], "texture": "#all"},
				"up": {"uv": [0, 6, 3, 7], "texture": "#all"},
				"down": {"uv": [0, 9, 3, 10], "texture": "#all"}
			}
		},
		{
			"name": "D",
			"from": [8.5, 4.01, 7.5],
			"to": [7.5, 5.99, 8.5],
			"rotation": {"angle": 45, "axis": "y", "origin": [8, 8, 8]},
			"faces": {
				"north": {"uv": [5, 9, 6, 11], "texture": "#all"},
				"east": {"uv": [4, 10, 5, 12], "texture": "#all"},
				"south": {"uv": [3, 9, 4, 11], "texture": "#all"},
				"west": {"uv": [4, 10, 5, 12], "texture": "#all"},
				"up": {"uv": [5, 11, 6, 12], "rotation": 90, "texture": "#all"},
				"down": {"uv": [5, 11, 6, 12], "rotation": 90, "texture": "#all"}
			}
		},
		{
			"name": "D",
			"from": [7.5, 3, 6.5],
			"to": [8.5, 7, 9.5],
			"rotation": {"angle": 45, "axis": "y", "origin": [8, 8, 8]},
			"faces": {
				"north": {"uv": [5, 9, 6, 13], "texture": "#all"},
				"east": {"uv": [3, 9, 6, 13], "texture": "#all"},
				"south": {"uv": [3, 9, 4, 13], "texture": "#all"},
				"west": {"uv": [3, 9, 6, 13], "texture": "#all"},
				"up": {"uv": [3, 9, 6, 10], "rotation": 90, "texture": "#all"},
				"down": {"uv": [3, 12, 6, 13], "rotation": 90, "texture": "#all"}
			}
		}
	],
	"groups": [
		{
			"name": "group",
			"origin": [8, 8, 8],
			"color": 0,
			"nbt": "{}",
			"children": [0, 1, 2, 3]
		},
		{
			"name": "group",
			"origin": [8, 8, 8],
			"color": 0,
			"nbt": "{}",
			"children": [4, 5]
		},
		{
			"name": "group",
			"origin": [8, 8, 8],
			"color": 0,
			"nbt": "{}",
			"children": [6, 7]
		},
		{
			"name": "group",
			"origin": [8, 8, 8],
			"color": 0,
			"nbt": "{}",
			"children": [8, 9]
		},
		{
			"name": "group",
			"origin": [8, 8, 8],
			"color": 0,
			"nbt": "{}",
			"children": [10, 11]
		},
		{
			"name": "group",
			"origin": [8, 8, 8],
			"color": 0,
			"nbt": "{}",
			"children": [12, 13]
		}
	]
}