{
	"credit": "Made by YSBB with Blockbench",
	"parent": "minecraft:block/cross",
	"textures": {
		"2": "block/dead_bush1",
		"3": "block/dead_bush",
		"particle": "block/dead_bush"
	},
	"elements": [
		{
			"from": [0.8, 0, 8],
			"to": [15.2, 16, 8],
			"shade": false,
			"rotation": {"angle": 45, "axis": "y", "origin": [8, 8, 8], "rescale": true},
			"faces": {
				"north": {"uv": [0, 0, 16, 16], "texture": "#3"},
				"east": {"uv": [0, 0, 0, 0], "texture": "#3"},
				"south": {"uv": [0, 0, 16, 16], "texture": "#3"},
				"west": {"uv": [0, 0, 0, 0], "texture": "#3"}
			}
		},
		{
			"from": [8, 0, 0.8],
			"to": [8, 16, 15.2],
			"shade": false,
			"rotation": {"angle": 45, "axis": "y", "origin": [8, 8, 8], "rescale": true},
			"faces": {
				"north": {"uv": [0, 0, 0, 0], "texture": "#3"},
				"east": {"uv": [0, 0, 16, 16], "texture": "#3"},
				"south": {"uv": [0, 0, 0, 0], "texture": "#3"},
				"west": {"uv": [0, 0, 16, 16], "texture": "#3"}
			}
		},
		{
			"from": [-4.5, -1, 3],
			"to": [1.5, 5, 9],
			"rotation": {"angle": 22.5, "axis": "z", "origin": [1, 1.5, 3.5]},
			"faces": {
				"north": {"uv": [12, 4, 16, 8], "texture": "#2"},
				"east": {"uv": [8, 4, 12, 8], "texture": "#2"},
				"south": {"uv": [4, 4, 8, 8], "texture": "#2"},
				"west": {"uv": [0, 4, 4, 8], "texture": "#2"},
				"up": {"uv": [4, 0, 8, 4], "texture": "#2"},
				"down": {"uv": [8, 0, 12, 4], "texture": "#2"}
			}
		},
		{
			"from": [5.16086, 0, 19.47547],
			"to": [8.41086, 1.75, 21.22547],
			"rotation": {"angle": -45, "axis": "y", "origin": [4.37735, 0.875, 17.76056]},
			"faces": {
				"north": {"uv": [0, 4, 3, 5], "texture": "#2"},
				"east": {"uv": [0, 4, 1, 5], "texture": "#2"},
				"south": {"uv": [0, 4, 3, 5], "texture": "#2"},
				"west": {"uv": [0, 4.5, 1, 5.5], "texture": "#2"},
				"up": {"uv": [12, 4, 15, 5], "rotation": 180, "texture": "#2"},
				"down": {"uv": [12, 5.5, 15, 6.5], "rotation": 180, "texture": "#2"}
			}
		},
		{
			"from": [9.66396, 2, 19.52573],
			"to": [11.41396, 3.75, 23.02573],
			"rotation": {"angle": 22.5, "axis": "y", "origin": [8.62735, 0.875, 18.26056]},
			"faces": {
				"east": {"uv": [0, 4, 4, 5], "texture": "#2"},
				"south": {"uv": [0, 4, 1, 5], "texture": "#2"},
				"west": {"uv": [0, 4, 4, 5], "texture": "#2"},
				"up": {"uv": [12, 4, 15.95, 5], "rotation": 270, "texture": "#2"},
				"down": {"uv": [12, 5.5, 16, 6.5], "rotation": 90, "texture": "#2"}
			}
		},
		{
			"from": [9.66396, 2, 13.77573],
			"to": [11.41396, 3.75, 17.52573],
			"rotation": {"angle": 22.5, "axis": "y", "origin": [8.62735, 0.875, 18.26056]},
			"faces": {
				"north": {"uv": [0, 4.5, 1, 5.5], "texture": "#2"},
				"east": {"uv": [0, 4, 4, 5], "texture": "#2"},
				"west": {"uv": [0, 4, 4, 5], "texture": "#2"},
				"up": {"uv": [12, 4, 16, 5.25], "rotation": 270, "texture": "#2"},
				"down": {"uv": [12, 5.5, 16, 6.5], "rotation": 90, "texture": "#2"}
			}
		},
		{
			"from": [5.91396, -0.25, 13.77573],
			"to": [7.66396, 2, 15.52573],
			"rotation": {"angle": 22.5, "axis": "y", "origin": [8.62735, 0.875, 18.26056]},
			"faces": {
				"north": {"uv": [0, 4.5, 1, 7.5], "texture": "#2"},
				"east": {"uv": [0, 4, 1, 7], "texture": "#2"},
				"south": {"uv": [0, 4, 1, 7], "texture": "#2"},
				"west": {"uv": [0, 4, 1, 7], "texture": "#2"},
				"down": {"uv": [0, 0, 0, 0], "rotation": 270, "texture": "#2"}
			}
		},
		{
			"from": [5.91396, 2, 13.77573],
			"to": [7.66396, 3.75, 16.77573],
			"rotation": {"angle": 22.5, "axis": "y", "origin": [8.62735, 0.875, 18.26056]},
			"faces": {
				"north": {"uv": [0, 4.5, 1, 5.5], "texture": "#2"},
				"east": {"uv": [0, 4, 4, 5], "texture": "#2"},
				"south": {"uv": [0, 5, 1, 6], "texture": "#2"},
				"west": {"uv": [0, 4, 4, 5], "texture": "#2"},
				"up": {"uv": [12, 4, 16, 5], "rotation": 270, "texture": "#2"},
				"down": {"uv": [12, 5.5, 16, 6.5], "rotation": 90, "texture": "#2"}
			}
		},
		{
			"from": [12.66396, 2, 19.52573],
			"to": [14.41396, 3.75, 23.02573],
			"rotation": {"angle": 22.5, "axis": "y", "origin": [8.62735, 0.875, 18.26056]},
			"faces": {
				"east": {"uv": [12, 4, 16, 5], "texture": "#2"},
				"south": {"uv": [15, 4, 16, 5], "texture": "#2"},
				"west": {"uv": [12, 4, 16, 5], "texture": "#2"},
				"up": {"uv": [12, 4, 16, 5], "rotation": 270, "texture": "#2"},
				"down": {"uv": [12, 4, 16, 5], "rotation": 90, "texture": "#2"}
			}
		},
		{
			"from": [12.66396, 2, 13.77573],
			"to": [14.41396, 3.75, 17.52573],
			"rotation": {"angle": 22.5, "axis": "y", "origin": [8.62735, 0.875, 18.26056]},
			"faces": {
				"north": {"uv": [0, 4.5, 1, 5.5], "texture": "#2"},
				"east": {"uv": [0, 4, 4, 5], "texture": "#2"},
				"west": {"uv": [0, 4, 4, 5], "texture": "#2"},
				"up": {"uv": [12, 4, 16, 5], "rotation": 270, "texture": "#2"},
				"down": {"uv": [12, 5.5, 16, 6.5], "rotation": 90, "texture": "#2"}
			}
		},
		{
			"from": [5.91396, 2, 17.52573],
			"to": [14.91396, 4, 19.52573],
			"rotation": {"angle": 22.5, "axis": "y", "origin": [8.62735, 0.875, 18.26056]},
			"faces": {
				"north": {"uv": [14, 4, 16, 6], "texture": "#2"},
				"east": {"uv": [7, 4, 16, 6], "texture": "#2"},
				"south": {"uv": [14, 4, 16, 6], "texture": "#2"},
				"west": {"uv": [7, 4, 16, 6], "texture": "#2"},
				"up": {"uv": [7, 4, 16, 6], "texture": "#2"},
				"down": {"uv": [7, 4, 16, 6], "rotation": 180, "texture": "#2"}
			}
		},
		{
			"from": [2.41396, -0.25, 15.52573],
			"to": [4.16396, 2.75, 17.27573],
			"rotation": {"angle": 22.5, "axis": "y", "origin": [4.87735, 0.875, 20.01056]},
			"faces": {
				"north": {"uv": [0, 4.5, 1, 6.5], "texture": "#2"},
				"east": {"uv": [0, 4, 1, 6], "texture": "#2"},
				"south": {"uv": [0, 4, 1, 6], "texture": "#2"},
				"west": {"uv": [0, 4, 1, 6], "texture": "#2"},
				"up": {"uv": [0, 4.5, 1, 5.5], "rotation": 90, "texture": "#2"},
				"down": {"uv": [0, 0, 0, 0], "rotation": 270, "texture": "#2"}
			}
		},
		{
			"from": [5.16396, -0.25, 19.77573],
			"to": [6.91396, 4, 21.52573],
			"rotation": {"angle": 22.5, "axis": "y", "origin": [10.87735, 0.875, 16.26056]},
			"faces": {
				"north": {"uv": [0, 4.5, 1, 6.5], "texture": "#2"},
				"east": {"uv": [0, 4, 1, 6], "texture": "#2"},
				"south": {"uv": [0, 4, 1, 6], "texture": "#2"},
				"west": {"uv": [0, 4, 1, 6], "texture": "#2"},
				"up": {"uv": [0, 6.5, 1, 7.5], "rotation": 90, "texture": "#2"},
				"down": {"uv": [0, 0, 0, 0], "rotation": 270, "texture": "#2"}
			}
		},
		{
			"from": [9.66396, -0.25, 13.77573],
			"to": [11.41396, 2, 15.52573],
			"rotation": {"angle": 22.5, "axis": "y", "origin": [8.62735, 0.875, 18.26056]},
			"faces": {
				"north": {"uv": [0, 4.5, 1, 7.5], "texture": "#2"},
				"east": {"uv": [0, 4, 1, 7], "texture": "#2"},
				"south": {"uv": [0, 4, 1, 7], "texture": "#2"},
				"west": {"uv": [0, 4, 1, 7], "texture": "#2"},
				"down": {"uv": [0, 0, 0, 0], "rotation": 270, "texture": "#2"}
			}
		},
		{
			"from": [9.66396, -0.25, 21.27573],
			"to": [11.41396, 2, 23.02573],
			"rotation": {"angle": 22.5, "axis": "y", "origin": [8.62735, 0.875, 18.26056]},
			"faces": {
				"north": {"uv": [0, 4.5, 1, 6.5], "texture": "#2"},
				"east": {"uv": [0, 4, 1, 6], "texture": "#2"},
				"south": {"uv": [0, 4, 1, 6], "texture": "#2"},
				"west": {"uv": [0, 4, 1, 6], "texture": "#2"},
				"up": {"uv": [0, 0, 0, 0], "rotation": 90, "texture": "#2"},
				"down": {"uv": [0, 0, 0, 0], "rotation": 270, "texture": "#2"}
			}
		},
		{
			"from": [12.66396, -0.25, 21.27573],
			"to": [14.41396, 2, 23.02573],
			"rotation": {"angle": 22.5, "axis": "y", "origin": [8.62735, 0.875, 18.26056]},
			"faces": {
				"north": {"uv": [0, 4.5, 1, 6.5], "texture": "#2"},
				"east": {"uv": [0, 4, 1, 6], "texture": "#2"},
				"south": {"uv": [0, 4, 1, 6], "texture": "#2"},
				"west": {"uv": [0, 4, 1, 6], "texture": "#2"},
				"up": {"uv": [0, 0, 0, 0], "rotation": 90, "texture": "#2"},
				"down": {"uv": [0, 0, 0, 0], "rotation": 270, "texture": "#2"}
			}
		},
		{
			"from": [12.66396, -0.25, 13.77573],
			"to": [14.41396, 2, 15.52573],
			"rotation": {"angle": 22.5, "axis": "y", "origin": [8.62735, 0.875, 18.26056]},
			"faces": {
				"north": {"uv": [0, 4.5, 1, 6.5], "texture": "#2"},
				"east": {"uv": [0, 4, 1, 6], "texture": "#2"},
				"south": {"uv": [0, 4, 1, 6], "texture": "#2"},
				"west": {"uv": [0, 4, 1, 6], "texture": "#2"},
				"up": {"uv": [0, 0, 0, 0], "rotation": 90, "texture": "#2"},
				"down": {"uv": [0, 0, 0, 0], "rotation": 270, "texture": "#2"}
			}
		}
	]
}