{
	"credit": "Made by YSBB with Blockbench",
	"parent": "minecraft:block/template_lantern",
	"textures": {
		"particle": "block/lantern",
		"lantern": "block/lantern"
	},
	"elements": [
		{
			"from": [5, 0, 5],
			"to": [11, 7, 11],
			"faces": {
				"north": {"uv": [0, 2, 6, 9], "texture": "#lantern"},
				"east": {"uv": [0, 2, 6, 9], "texture": "#lantern"},
				"south": {"uv": [0, 2, 6, 9], "texture": "#lantern"},
				"west": {"uv": [0, 2, 6, 9], "texture": "#lantern"},
				"up": {"uv": [0, 9, 6, 15], "texture": "#lantern"},
				"down": {"uv": [0, 9, 6, 15], "texture": "#lantern", "cullface": "down"}
			}
		},
		{
			"from": [6, 7, 6],
			"to": [10, 9, 10],
			"faces": {
				"north": {"uv": [1, 0, 5, 2], "texture": "#lantern"},
				"east": {"uv": [1, 0, 5, 2], "texture": "#lantern"},
				"south": {"uv": [1, 0, 5, 2], "texture": "#lantern"},
				"west": {"uv": [1, 0, 5, 2], "texture": "#lantern"},
				"up": {"uv": [1, 10, 5, 14], "texture": "#lantern"},
				"down": {"uv": [0, 0, 0, 0], "texture": "#lantern"}
			}
		},
		{
			"name": "sx",
			"from": [7.5, 9, 8.5],
			"to": [8.5, 10, 9.5],
			"rotation": {"angle": 45, "axis": "y", "origin": [8, 8, 8]},
			"faces": {
				"north": {"uv": [11, 2, 12, 3], "texture": "#lantern"},
				"east": {"uv": [11, 2, 12, 3], "texture": "#lantern"},
				"south": {"uv": [11, 2, 12, 3], "texture": "#lantern"},
				"west": {"uv": [11, 2, 12, 3], "texture": "#lantern"}
			}
		},
		{
			"name": "sx",
			"from": [7.5, 9, 6.5],
			"to": [8.5, 10, 7.5],
			"rotation": {"angle": 45, "axis": "y", "origin": [8, 8, 8]},
			"faces": {
				"north": {"uv": [11, 2, 12, 3], "texture": "#lantern"},
				"east": {"uv": [11, 2, 12, 3], "texture": "#lantern"},
				"south": {"uv": [11, 2, 12, 3], "texture": "#lantern"},
				"west": {"uv": [11, 2, 12, 3], "texture": "#lantern"}
			}
		},
		{
			"from": [7.5, 10, 6.5],
			"to": [8.5, 11, 9.5],
			"rotation": {"angle": 45, "axis": "y", "origin": [8, 8, 8]},
			"faces": {
				"north": {"uv": [11, 1, 12, 2], "texture": "#lantern"},
				"east": {"uv": [14, 1, 11, 2], "texture": "#lantern"},
				"south": {"uv": [12, 1, 13, 2], "texture": "#lantern"},
				"west": {"uv": [11, 1, 14, 2], "texture": "#lantern"},
				"up": {"uv": [11, 1, 14, 2], "rotation": 90, "texture": "#lantern"},
				"down": {"uv": [11, 1, 14, 2], "rotation": 90, "texture": "#lantern"}
			}
		}
	],
	"groups": [
		{
			"name": "group",
			"origin": [8, 8, 8],
			"color": 0,
			"nbt": "{}",
			"children": [0, 1]
		},
		2,
		3,
		4
	]
}