{
	"credit": "Made with Blockbench",
	"parent": "minecraft:block/cross",
	"textures": {
		"particle": "block/amethyst_cluster1",
		"cross": "block/amethyst_cluster1"
	},
	"elements": [
		{
			"from": [6, -1, 8],
			"to": [8.7, 9.5, 10.7],
			"rotation": {"angle": 22.5, "axis": "y", "origin": [7.75, 7, 10.25]},
			"faces": {
				"north": {"uv": [5, 1, 10, 16], "texture": "#cross"},
				"east": {"uv": [5, 1, 10, 16], "texture": "#cross"},
				"south": {"uv": [5, 1, 10, 16], "texture": "#cross"},
				"west": {"uv": [5, 1, 10, 16], "texture": "#cross"},
				"up": {"uv": [5, 1, 10, 6], "texture": "#cross"}
			}
		},
		{
			"from": [7.43434, -1.86524, 12.25],
			"to": [9.93434, 4.63476, 14.75],
			"rotation": {"angle": 22.5, "axis": "x", "origin": [8.93434, 7.13476, 16.25]},
			"faces": {
				"north": {"uv": [5, 1, 10, 16], "texture": "#cross"},
				"east": {"uv": [5, 1, 10, 16], "texture": "#cross"},
				"south": {"uv": [5, 1, 10, 16], "texture": "#cross"},
				"west": {"uv": [5, 1, 10, 16], "texture": "#cross"},
				"up": {"uv": [5, 1, 10, 6], "texture": "#cross"}
			}
		},
		{
			"from": [7.43434, -1.61524, 1],
			"to": [10.03434, 5.88476, 3.6],
			"rotation": {"angle": -22.5, "axis": "x", "origin": [8.93434, 7.38476, 2.5]},
			"faces": {
				"north": {"uv": [5, 1, 10, 16], "texture": "#cross"},
				"east": {"uv": [5, 1, 10, 16], "texture": "#cross"},
				"south": {"uv": [5, 1, 10, 16], "texture": "#cross"},
				"west": {"uv": [5, 1, 10, 16], "texture": "#cross"},
				"up": {"uv": [5, 1, 10, 6], "texture": "#cross"}
			}
		},
		{
			"from": [1.93434, -1.11524, 7],
			"to": [4.43434, 5.38476, 9.5],
			"rotation": {"angle": 22.5, "axis": "z", "origin": [2.68434, 5.63476, 9]},
			"faces": {
				"north": {"uv": [5, 1, 10, 16], "texture": "#cross"},
				"east": {"uv": [5, 1, 10, 16], "texture": "#cross"},
				"south": {"uv": [5, 1, 10, 16], "texture": "#cross"},
				"west": {"uv": [5, 1, 10, 16], "texture": "#cross"},
				"up": {"uv": [5, 1, 10, 6], "texture": "#cross"}
			}
		},
		{
			"from": [13.18434, -3.36524, 6.75],
			"to": [15.68434, 4.13476, 9.25],
			"rotation": {"angle": -45, "axis": "z", "origin": [14.68434, 5.38476, 9]},
			"faces": {
				"north": {"uv": [5, 1, 10, 16], "texture": "#cross"},
				"east": {"uv": [5, 1, 10, 16], "texture": "#cross"},
				"south": {"uv": [5, 1, 10, 16], "texture": "#cross"},
				"west": {"uv": [5, 1, 10, 16], "texture": "#cross"},
				"up": {"uv": [5, 1, 10, 6], "texture": "#cross"}
			}
		},
		{
			"from": [4.75, -1, 4.75],
			"to": [6.5, 2.5, 6.5],
			"rotation": {"angle": 22.5, "axis": "z", "origin": [5, 0, 5]},
			"faces": {
				"north": {"uv": [6, 11, 8, 16], "texture": "#cross"},
				"east": {"uv": [9, 11, 11, 16], "texture": "#cross"},
				"south": {"uv": [8, 11, 10, 16], "texture": "#cross"},
				"west": {"uv": [5, 11, 7, 16], "texture": "#cross"},
				"up": {"uv": [5, 4, 7, 6], "texture": "#cross"}
			}
		},
		{
			"from": [4.75, -0.5, 10],
			"to": [7, 2, 12.25],
			"rotation": {"angle": 22.5, "axis": "z", "origin": [6.25, 0, 10.5]},
			"faces": {
				"north": {"uv": [10, 13, 12, 16], "texture": "#cross"},
				"east": {"uv": [9, 13, 11, 16], "texture": "#cross"},
				"south": {"uv": [5, 13, 7, 16], "texture": "#cross"},
				"west": {"uv": [7, 13, 9, 16], "texture": "#cross"},
				"up": {"uv": [2, 10, 4, 12], "texture": "#cross"}
			}
		},
		{
			"from": [9.5, 0, 10.5],
			"to": [12, 3.5, 12],
			"rotation": {"angle": 45, "axis": "x", "origin": [11, 2, 10]},
			"faces": {
				"north": {"uv": [7, 10, 10, 13], "texture": "#cross"},
				"east": {"uv": [4, 13, 7, 16], "texture": "#cross"},
				"south": {"uv": [7, 13, 10, 16], "texture": "#cross"},
				"west": {"uv": [9, 13, 12, 16], "texture": "#cross"},
				"up": {"uv": [12, 9, 15, 12], "texture": "#cross"}
			}
		},
		{
			"from": [10.5, -0.5, 4.75],
			"to": [12.5, 1, 6.75],
			"rotation": {"angle": -45, "axis": "x", "origin": [11, 0, 4.5]},
			"faces": {
				"north": {"uv": [6, 12, 9, 16], "texture": "#cross"},
				"east": {"uv": [5, 10, 8, 14], "texture": "#cross"},
				"south": {"uv": [9, 11, 12, 15], "texture": "#cross"},
				"west": {"uv": [7, 11, 10, 15], "texture": "#cross"},
				"up": {"uv": [5, 4, 8, 7], "texture": "#cross"}
			}
		},
		{
			"from": [9, -0.25, 5],
			"to": [11.5, 6.75, 7.5],
			"rotation": {"angle": 0, "axis": "y", "origin": [10.25, 5, 6.75]},
			"faces": {
				"north": {"uv": [6, 8, 10, 16], "texture": "#cross"},
				"east": {"uv": [5, 7, 9, 16], "texture": "#cross"},
				"south": {"uv": [6, 7, 10, 16], "texture": "#cross"},
				"west": {"uv": [5, 7, 9, 16], "texture": "#cross"},
				"up": {"uv": [5, 4, 9, 8], "texture": "#cross"}
			}
		},
		{
			"from": [5.75, -1, 7],
			"to": [7.75, 4.5, 9],
			"rotation": {"angle": -22.5, "axis": "x", "origin": [5.25, 1, 7]},
			"faces": {
				"north": {"uv": [5, 10, 8, 16], "texture": "#cross"},
				"east": {"uv": [5, 10, 8, 16], "texture": "#cross"},
				"south": {"uv": [7, 10, 10, 16], "texture": "#cross"},
				"west": {"uv": [6, 9, 9, 15], "texture": "#cross"},
				"up": {"uv": [5, 6, 8, 9], "texture": "#cross"}
			}
		},
		{
			"from": [9.75, -0.25, 8.75],
			"to": [12.25, 3.75, 10.75],
			"rotation": {"angle": 22.5, "axis": "y", "origin": [10.25, 4, 10]},
			"faces": {
				"north": {"uv": [5, 10, 8, 14], "texture": "#cross"},
				"east": {"uv": [7, 10, 10, 14], "texture": "#cross"},
				"south": {"uv": [5, 11, 8, 15], "texture": "#cross"},
				"west": {"uv": [6, 11, 9, 15], "texture": "#cross"},
				"up": {"uv": [7, 10, 10, 13], "rotation": 90, "texture": "#cross"}
			}
		},
		{
			"from": [6, -1, 5],
			"to": [8, 2, 7],
			"rotation": {"angle": 0, "axis": "y", "origin": [6, 0, 5]},
			"faces": {
				"north": {"uv": [8, 7, 10, 10], "texture": "#cross"},
				"east": {"uv": [8, 7, 10, 10], "texture": "#cross"},
				"south": {"uv": [8, 7, 10, 10], "texture": "#cross"},
				"west": {"uv": [8, 7, 10, 10], "texture": "#cross"},
				"up": {"uv": [8, 7, 10, 9], "texture": "#cross"}
			}
		}
	]
}