{
	"credit": "Made by YSBB with Blockbench",
	"textures": {
		"particle": "block/sniffer_egg_not_cracked_north",
		"north": "block/sniffer_egg_not_cracked_north",
		"east": "block/sniffer_egg_not_cracked_east",
		"south": "block/sniffer_egg_not_cracked_south",
		"west": "block/sniffer_egg_not_cracked_west",
		"top": "block/sniffer_egg_not_cracked_top",
		"bottom": "block/sniffer_egg_not_cracked_bottom"
	},
	"elements": [
		{
			"from": [2, 0, 2],
			"to": [14, 16, 14],
			"faces": {
				"north": {"uv": [0, 0, 14, 16], "texture": "#north"},
				"east": {"uv": [0, 0, 12, 16], "texture": "#east"},
				"south": {"uv": [0, 0, 14, 16], "texture": "#south"},
				"west": {"uv": [0, 0, 12, 16], "texture": "#west"},
				"up": {"uv": [0, 0, 14, 12], "texture": "#top", "cullface": "up"},
				"down": {"uv": [0, 0, 14, 12], "texture": "#bottom", "cullface": "down"}
			}
		}
	]
}