{
	"credit": "Made with Blockbench",
	"parent": "block/block",
	"textures": {
		"6": "create:block/creative_motor",
		"7": "create:block/flap_display_front",
		"8": "create:block/aaa/creative_motor",
		"particle": "create:block/creative_casing",
		"1_1": "create:block/axis_top",
		"1_0": "create:block/axis"
	},
	"elements": [
		{
			"name": "Axis",
			"from": [6, 6, 6],
			"to": [10, 10, 16],
			"rotation": {"angle": 22.5, "axis": "z", "origin": [8, 8, 8]},
			"faces": {
				"east": {"uv": [6, 0, 10, 10], "rotation": 270, "texture": "#1_0"},
				"south": {"uv": [6, 6, 10, 10], "texture": "#1_1"},
				"west": {"uv": [6, 0, 10, 10], "rotation": 90, "texture": "#1_0"},
				"up": {"uv": [6, 0, 10, 10], "rotation": 180, "texture": "#1_0"},
				"down": {"uv": [6, 0, 10, 10], "texture": "#1_0"}
			}
		},
		{
			"from": [2, 12, 0],
			"to": [4, 14, 15],
			"rotation": {"angle": 0, "axis": "y", "origin": [8, 8, 8]},
			"faces": {
				"north": {"uv": [16, 10, 14, 12], "texture": "#6"},
				"east": {"uv": [6, 15, 8, 0], "rotation": 270, "texture": "#1_0"},
				"south": {"uv": [14, 12, 16, 10], "rotation": 90, "texture": "#6"},
				"west": {"uv": [8, 16, 10, 1], "rotation": 90, "texture": "#1_0"},
				"up": {"uv": [9, 0, 7, 15], "texture": "#1_0"},
				"down": {"uv": [8, 1, 6, 16], "texture": "#1_0"}
			}
		},
		{
			"from": [12, 2, 0],
			"to": [14, 4, 15],
			"rotation": {"angle": 0, "axis": "y", "origin": [18, -2, 8]},
			"faces": {
				"north": {"uv": [16, 10, 14, 12], "texture": "#6"},
				"east": {"uv": [6, 15, 8, 0], "rotation": 270, "texture": "#1_0"},
				"south": {"uv": [14, 12, 16, 10], "rotation": 90, "texture": "#6"},
				"west": {"uv": [8, 16, 10, 1], "rotation": 90, "texture": "#1_0"},
				"up": {"uv": [9, 0, 7, 15], "texture": "#1_0"},
				"down": {"uv": [8, 1, 6, 16], "texture": "#1_0"}
			}
		},
		{
			"from": [2, 2, 0],
			"to": [4, 4, 15],
			"rotation": {"angle": 0, "axis": "y", "origin": [8, -2, 8]},
			"faces": {
				"north": {"uv": [16, 10, 14, 12], "texture": "#6"},
				"east": {"uv": [6, 15, 8, 0], "rotation": 270, "texture": "#1_0"},
				"south": {"uv": [14, 12, 16, 10], "rotation": 90, "texture": "#6"},
				"west": {"uv": [8, 16, 10, 1], "rotation": 90, "texture": "#1_0"},
				"up": {"uv": [9, 0, 7, 15], "texture": "#1_0"},
				"down": {"uv": [8, 1, 6, 16], "texture": "#1_0"}
			}
		},
		{
			"from": [12, 12, 0],
			"to": [14, 14, 15],
			"rotation": {"angle": 0, "axis": "y", "origin": [18, 8, 8]},
			"faces": {
				"north": {"uv": [16, 10, 14, 12], "texture": "#6"},
				"east": {"uv": [6, 15, 8, 0], "rotation": 270, "texture": "#1_0"},
				"south": {"uv": [14, 12, 16, 10], "rotation": 90, "texture": "#6"},
				"west": {"uv": [8, 16, 10, 1], "rotation": 90, "texture": "#1_0"},
				"up": {"uv": [9, 0, 7, 15], "texture": "#1_0"},
				"down": {"uv": [8, 1, 6, 16], "texture": "#1_0"}
			}
		},
		{
			"from": [3, 3, 0.1],
			"to": [13, 13, 14.1],
			"faces": {
				"north": {"uv": [0, 0, 10, 10], "texture": "#6"},
				"east": {"uv": [0, 16, 10, 2], "rotation": 90, "texture": "#8"},
				"south": {"uv": [0, 0, 10, 10], "rotation": 90, "texture": "#6"},
				"west": {"uv": [0, 2, 10, 16], "rotation": 90, "texture": "#8"},
				"up": {"uv": [0, 16, 10, 2], "texture": "#8"},
				"down": {"uv": [0, 2, 10, 16], "texture": "#8"}
			}
		},
		{
			"from": [1, 0, 3],
			"to": [15, 3, 10],
			"faces": {
				"north": {"uv": [0, 0, 14, 3], "texture": "#7"},
				"east": {"uv": [8, 0, 15, 3], "texture": "#7"},
				"south": {"uv": [1, 0, 15, 3], "texture": "#7"},
				"west": {"uv": [8, 0, 15, 3], "texture": "#7"},
				"up": {"uv": [1, 2, 8, 16], "rotation": 90, "texture": "#7"},
				"down": {"uv": [1, 4, 15, 11], "texture": "#7"}
			}
		}
	],
	"display": {
		"gui": {
			"rotation": [30, 45, 0],
			"scale": [0.625, 0.625, 0.625]
		},
		"fixed": {
			"rotation": [0, -90, 0],
			"scale": [0.5, 0.5, 0.5]
		}
	},
	"groups": [
		{
			"name": "shaft",
			"origin": [8, 8, 8],
			"color": 0,
			"children": [0, 1, 2, 3, 4, 5, 6]
		},
		{
			"name": "block",
			"origin": [8, 8, 8],
			"color": 0,
			"children": [
				{
					"name": "shaft",
					"origin": [8, 8, 8],
					"color": 0,
					"children": []
				}
			]
		}
	]
}