{
	"credit": "Made with Blockbench",
	"parent": "block/block",
	"textures": {
		"0": "create:block/axis_top",
		"2": "block/anvil",
		"10": "create:block/andesite_casing_very_short",
		"particle": "block/anvil"
	},
	"elements": [
		{
			"name": "Axle",
			"from": [6, 6, -0.125],
			"to": [10, 10, 3.875],
			"rotation": {"angle": 0, "axis": "y", "origin": [0, 0, -1]},
			"faces": {
				"north": {"uv": [6, 6, 10, 10], "texture": "#0"}
			}
		},
		{
			"name": "Core",
			"from": [4, 4, 9],
			"to": [12, 12, 12],
			"rotation": {"angle": 45, "axis": "z", "origin": [8, 8, 8]},
			"faces": {
				"east": {"uv": [1, 1, 7, 4], "rotation": 270, "texture": "#10"},
				"south": {"uv": [5, 0, 11, 6], "texture": "#2"},
				"west": {"uv": [1, 1, 7, 4], "rotation": 90, "texture": "#10"},
				"up": {"uv": [1, 1, 7, 4], "rotation": 180, "texture": "#10"},
				"down": {"uv": [1, 1, 7, 4], "texture": "#10"}
			}
		},
		{
			"name": "Bottom",
			"from": [6, 2, 9],
			"to": [10, 14, 13],
			"rotation": {"angle": -45, "axis": "z", "origin": [8, 8, 8]},
			"faces": {
				"east": {"uv": [4, 3, 0, 1], "texture": "#10"},
				"south": {"uv": [16, 4, 14, 0], "rotation": 270, "texture": "#10"},
				"west": {"uv": [0, 3, 4, 1], "texture": "#10"},
				"up": {"uv": [4, 4, 0, 0], "rotation": 270, "texture": "#10"},
				"down": {"uv": [0, 0, 4, 4], "rotation": 180, "texture": "#10"}
			}
		},
		{
			"name": "Bottom",
			"from": [2, 6, 9],
			"to": [14, 10, 13],
			"rotation": {"angle": -45, "axis": "z", "origin": [8, 8, 8]},
			"faces": {
				"east": {"uv": [0, 0, 4, 4], "rotation": 90, "texture": "#10"},
				"south": {"uv": [16, 4, 14, 0], "rotation": 180, "texture": "#10"},
				"west": {"uv": [4, 4, 0, 0], "rotation": 180, "texture": "#10"},
				"up": {"uv": [4, 3, 0, 1], "rotation": 270, "texture": "#10"},
				"down": {"uv": [0, 3, 4, 1], "rotation": 270, "texture": "#10"}
			}
		},
		{
			"name": "Bit1",
			"from": [4.5, 4.5, 12],
			"to": [11.5, 11.5, 15],
			"rotation": {"angle": 45, "axis": "z", "origin": [8, 8, 8]},
			"faces": {
				"north": {"uv": [0, 0, 5, 5], "texture": "#2"},
				"east": {"uv": [0, 0, 5, 2], "rotation": 90, "texture": "#2"},
				"south": {"uv": [1, 2, 6, 7], "texture": "#2"},
				"west": {"uv": [0, 0, 5, 2], "rotation": 270, "texture": "#2"},
				"up": {"uv": [0, 0, 5, 2], "texture": "#2"},
				"down": {"uv": [0, 0, 5, 2], "texture": "#2"}
			}
		},
		{
			"name": "Bit2",
			"from": [6, 6, 14],
			"to": [10, 10, 18],
			"rotation": {"angle": 45, "axis": "z", "origin": [8, 8, 7]},
			"faces": {
				"north": {"uv": [0, 0, 4, 4], "texture": "#2"},
				"east": {"uv": [0, 0, 4, 2], "rotation": 90, "texture": "#2"},
				"south": {"uv": [0, 0, 4, 4], "texture": "#2"},
				"west": {"uv": [0, 0, 4, 2], "rotation": 270, "texture": "#2"},
				"up": {"uv": [0, 0, 4, 2], "texture": "#2"},
				"down": {"uv": [0, 0, 4, 2], "rotation": 180, "texture": "#2"}
			}
		},
		{
			"name": "Bit4",
			"from": [7, 7, 18],
			"to": [9, 9, 20],
			"rotation": {"angle": 45, "axis": "z", "origin": [8, 8, 7]},
			"faces": {
				"north": {"uv": [0, 0, 2, 2], "texture": "#2"},
				"east": {"uv": [0, 0, 2, 2], "texture": "#2"},
				"south": {"uv": [5, 5, 7, 7], "texture": "#2"},
				"west": {"uv": [0, 0, 2, 2], "texture": "#2"},
				"up": {"uv": [0, 0, 2, 2], "texture": "#2"},
				"down": {"uv": [0, 0, 2, 2], "texture": "#2"}
			}
		}
	],
	"groups": [
		{
			"name": "head",
			"origin": [8, 8, 8],
			"color": 0,
			"children": [0, 1, 2, 3, 4, 5, 6]
		}
	]
}