{
	"credit": "Made by YSBB with Blockbench",
	"ambientocclusion": false,
	"texture_size": [32, 32],
	"textures": {
		"3": "block/redstoneblock/lever",
		"particle": "block/redstoneblock/lever"
	},
	"elements": [
		{
			"from": [5, 0, 4],
			"to": [11, 3, 12],
			"faces": {
				"north": {"uv": [2.5, 8.5, 5.5, 10], "texture": "#3"},
				"east": {"uv": [2, 14, 6, 15.5], "texture": "#3"},
				"south": {"uv": [2.5, 8.5, 5.5, 10], "texture": "#3"},
				"west": {"uv": [2, 14, 6, 15.5], "texture": "#3"},
				"up": {"uv": [2.5, 10, 5.5, 14], "texture": "#3"},
				"down": {"uv": [2.5, 10, 5.5, 14], "texture": "#3", "cullface": "down"}
			}
		},
		{
			"from": [7, 1, 7],
			"to": [9, 11, 9],
			"rotation": {"angle": -45, "axis": "x", "origin": [8, 1, 8]},
			"faces": {
				"north": {"uv": [3.5, 3, 4.5, 8], "texture": "#3"},
				"east": {"uv": [3.5, 3, 4.5, 8], "texture": "#3"},
				"south": {"uv": [3.5, 3, 4.5, 8], "texture": "#3"},
				"west": {"uv": [3.5, 3, 4.5, 8], "texture": "#3"},
				"up": {"uv": [3.5, 3, 4.5, 4], "texture": "#3"}
			}
		}
	]
}