{
	"credit": "Made by YSBB with Blockbench",
	"parent": "block/block",
	"textures": {
		"5": "block/redstoneblock/observer_side2",
		"bottom": "block/redstoneblock/observer_back",
		"side": "block/redstoneblock/observer_side1",
		"particle": "block/redstoneblock/observer_top0",
		"top": "block/redstoneblock/observer_top0",
		"front": "block/redstoneblock/observer_front2"
	},
	"elements": [
		{
			"from": [0, 0, 0],
			"to": [16, 16, 16],
			"faces": {
				"north": {"uv": [0, 0, 16, 16], "texture": "#front", "cullface": "north"},
				"east": {"uv": [0, 0, 16, 16], "texture": "#5", "cullface": "east"},
				"south": {"uv": [0, 0, 16, 16], "texture": "#bottom", "cullface": "south"},
				"west": {"uv": [0, 0, 16, 16], "texture": "#side", "cullface": "west"},
				"up": {"uv": [0, 16, 16, 0], "texture": "#top", "cullface": "up"},
				"down": {"uv": [0, 0, 16, 16], "texture": "#top", "cullface": "down"}
			}
		}
	]
}