{
	"credit": "Made by YSBB with Blockbench",
	"parent": "block/observer",
	"textures": {
		"2": "block/redstoneblock/observer_top1",
		"3": "block/redstoneblock/observer_front1",
		"4": "block/redstoneblock/observer_side3",
		"5": "block/redstoneblock/observer_side4",
		"particle": "block/redstoneblock/observer_top1",
		"bottom": "block/redstoneblock/observer_back_on"
	},
	"elements": [
		{
			"from": [0, 0, 0],
			"to": [16, 16, 16],
			"faces": {
				"north": {"uv": [0, 0, 16, 16], "texture": "#3", "cullface": "north"},
				"east": {"uv": [0, 0, 16, 16], "texture": "#5", "cullface": "east"},
				"south": {"uv": [0, 0, 16, 16], "texture": "#bottom", "cullface": "south"},
				"west": {"uv": [0, 0, 16, 16], "texture": "#4", "cullface": "west"},
				"up": {"uv": [0, 16, 16, 0], "texture": "#2", "cullface": "up"},
				"down": {"uv": [0, 0, 16, 16], "texture": "#2", "cullface": "down"}
			}
		}
	]
}