{
	"credit": "Made by YSBB with Blockbench",
	"ambientocclusion": false,
	"textures": {
		"particle": "block/tripwire",
		"texture": "block/tripwire"
	},
	"elements": [
		{
			"from": [7.5, 2, 0],
			"to": [8.5, 2, 4],
			"shade": false,
			"faces": {
				"up": {"uv": [0, 11, 8, 13], "rotation": 90, "texture": "#texture"},
				"down": {"uv": [8, 11, 0, 13], "rotation": 90, "texture": "#texture"}
			}
		},
		{
			"from": [7.5, 2, 8],
			"to": [8.5, 2, 12],
			"shade": false,
			"faces": {
				"up": {"uv": [8, 11, 16, 13], "rotation": 90, "texture": "#texture"},
				"down": {"uv": [16, 11, 8, 13], "rotation": 90, "texture": "#texture"}
			}
		},
		{
			"from": [7.5, 2, 4],
			"to": [8.5, 2, 8],
			"shade": false,
			"faces": {
				"up": {"uv": [4, 11, 12, 13], "rotation": 90, "texture": "#texture"},
				"down": {"uv": [12, 11, 4, 13], "rotation": 90, "texture": "#texture"}
			}
		},
		{
			"from": [7.5, 2, 12],
			"to": [8.5, 2, 16],
			"shade": false,
			"faces": {
				"up": {"uv": [4, 11, 12, 13], "rotation": 90, "texture": "#texture"},
				"down": {"uv": [12, 11, 4, 13], "rotation": 90, "texture": "#texture"}
			}
		}
	]
}