{
	"credit": "Made by YSBB with Blockbench",
	"ambientocclusion": false,
	"textures": {
		"particle": "block/tripwire",
		"texture": "block/tripwire"
	},
	"elements": [
		{
			"from": [7.5, 2.5, 0],
			"to": [8.5, 2.5, 4],
			"shade": false,
			"faces": {
				"up": {"uv": [0, 0, 8, 2], "rotation": 90, "texture": "#texture"},
				"down": {"uv": [8, 0, 0, 2], "rotation": 90, "texture": "#texture"}
			}
		},
		{
			"from": [7.5, 2.5, 4],
			"to": [8.5, 2.5, 8],
			"shade": false,
			"faces": {
				"up": {"uv": [4, 0, 12, 2], "rotation": 90, "texture": "#texture"},
				"down": {"uv": [12, 0, 4, 2], "rotation": 90, "texture": "#texture"}
			}
		},
		{
			"from": [7.5, 2.5, 8],
			"to": [8.5, 2.5, 12],
			"shade": false,
			"faces": {
				"up": {"uv": [8, 0, 16, 2], "rotation": 90, "texture": "#texture"},
				"down": {"uv": [16, 0, 8, 2], "rotation": 90, "texture": "#texture"}
			}
		}
	]
}