{
	"credit": "Made with Blockbench",
	"parent": "block/block",
	"textures": {
		"3": "create:block/chute",
		"4": "create:block/chute_large",
		"5": "create:block/industrial_iron_block_top",
		"particle": "create:block/industrial_iron_block"
	},
	"elements": [
		{
			"from": [0, 0, 0],
			"to": [16, 16, 16],
			"faces": {
				"north": {"uv": [0, 0, 16, 16], "texture": "#particle"},
				"east": {"uv": [0, 0, 16, 16], "texture": "#particle"},
				"south": {"uv": [0, 0, 16, 16], "texture": "#particle"},
				"west": {"uv": [0, 0, 16, 16], "texture": "#particle"},
				"up": {"uv": [0, 0, 16, 16], "texture": "#5"},
				"down": {"uv": [0, 0, 8, 8], "texture": "#4"}
			}
		},
		{
			"from": [1.1, -11.8, 2],
			"to": [14.9, 0, 16],
			"rotation": {"angle": 45, "axis": "x", "origin": [8, 0, 16]},
			"faces": {
				"north": {"uv": [8.5, 9.5, 15.5, 15], "texture": "#4"},
				"east": {"uv": [8.5, 9.5, 15.5, 15], "texture": "#4"},
				"south": {"uv": [8.5, 9.5, 15.5, 15], "texture": "#4"},
				"west": {"uv": [8.5, 9.5, 15.5, 15], "texture": "#4"},
				"down": {"uv": [0.5, 8.5, 7.5, 15.5], "rotation": 180, "texture": "#3"}
			}
		},
		{
			"from": [2.1, -16, -13],
			"to": [13.9, -5.15, -1],
			"rotation": {"angle": 45, "axis": "x", "origin": [8, -16, 0]},
			"faces": {
				"north": {"uv": [9, 1.5, 15, 7], "texture": "#4"},
				"east": {"uv": [9, 1.5, 15, 7], "texture": "#4"},
				"south": {"uv": [9, 1.5, 15, 7], "texture": "#4"},
				"west": {"uv": [9, 1.5, 15, 7], "texture": "#4"}
			}
		}
	],
	"groups": [
		{
			"name": "group",
			"origin": [8, 8, 8],
			"color": 0,
			"children": [0]
		},
		{
			"name": "group",
			"origin": [8, -16, 0],
			"color": 0,
			"children": [1, 2]
		}
	]
}