{
	"credit": "Made with Blockbench",
	"parent": "block/block",
	"textures": {
		"1": "create:block/basin",
		"2": "create:block/basin_canal",
		"particle": "create:block/industrial_iron_block"
	},
	"elements": [
		{
			"name": "Basin",
			"from": [0, 2, 0],
			"to": [16, 16, 16],
			"faces": {
				"north": {"uv": [0, 0, 8, 7], "texture": "#1"},
				"east": {"uv": [0, 0, 8, 7], "texture": "#1"},
				"south": {"uv": [0, 0, 8, 7], "texture": "#1"},
				"west": {"uv": [0, 0, 8, 7], "texture": "#1"},
				"up": {"uv": [0, 8, 8, 16], "texture": "#1"},
				"down": {"uv": [0, 8, 8, 16], "texture": "#1"}
			}
		},
		{
			"name": "Basin Interior",
			"from": [1.95, 16, 1.95],
			"to": [14.05, 2, 14.05],
			"faces": {
				"north": {"uv": [9, 0, 15, 7], "rotation": 180, "texture": "#1"},
				"east": {"uv": [9, 0, 15, 7], "rotation": 180, "texture": "#1"},
				"south": {"uv": [9, 0, 15, 7], "rotation": 180, "texture": "#1"},
				"west": {"uv": [9, 0, 15, 7], "rotation": 180, "texture": "#1"},
				"up": {"uv": [9, 9, 15, 15], "rotation": 90, "texture": "#1"}
			}
		},
		{
			"name": "Basin Base",
			"from": [2, 0, 2],
			"to": [14, 2, 14],
			"faces": {
				"north": {"uv": [1, 7, 7, 8], "texture": "#1"},
				"east": {"uv": [1, 7, 7, 8], "texture": "#1"},
				"south": {"uv": [1, 7, 7, 8], "texture": "#1"},
				"west": {"uv": [1, 7, 7, 8], "texture": "#1"},
				"down": {"uv": [9, 9, 15, 15], "texture": "#1"}
			}
		},
		{
			"from": [4, 1, 13],
			"to": [12, 9, 22],
			"rotation": {"angle": 22.5, "axis": "x", "origin": [1, 9, 17]},
			"faces": {
				"north": {"uv": [1, 1, 9, 9], "texture": "#2"},
				"east": {"uv": [1, 8, 9, 16], "rotation": 90, "texture": "#2"},
				"south": {"uv": [1, 1, 9, 9], "texture": "#2"},
				"west": {"uv": [9, 8, 1, 16], "rotation": 270, "texture": "#2"},
				"up": {"uv": [1, 8, 9, 16], "texture": "#2"},
				"down": {"uv": [1, 8, 9, 16], "rotation": 180, "texture": "#2"}
			}
		},
		{
			"from": [5, 2, 22],
			"to": [11, 8, 21],
			"rotation": {"angle": 22.5, "axis": "x", "origin": [1, 9, 17]},
			"faces": {
				"east": {"uv": [15, 1, 16, 9], "texture": "#2"},
				"south": {"uv": [10, 10, 16, 16], "texture": "#2"},
				"west": {"uv": [15, 1, 16, 9], "texture": "#2"},
				"up": {"uv": [15, 1, 16, 9], "rotation": 90, "texture": "#2"},
				"down": {"uv": [15, 1, 16, 9], "rotation": 90, "texture": "#2"}
			}
		},
		{
			"from": [5, 3.64387, 12.73569],
			"to": [11, 9.64387, 11.73569],
			"rotation": {"angle": 22.5, "axis": "x", "origin": [8, 6.64387, 12.23569]},
			"faces": {
				"north": {"uv": [10, 10, 16, 16], "rotation": 180, "texture": "#2"},
				"east": {"uv": [15, 1, 16, 9], "rotation": 180, "texture": "#2"},
				"west": {"uv": [15, 1, 16, 9], "rotation": 180, "texture": "#2"},
				"up": {"uv": [15, 1, 16, 9], "rotation": 90, "texture": "#2"},
				"down": {"uv": [15, 1, 16, 9], "rotation": 90, "texture": "#2"}
			}
		}
	],
	"groups": [
		{
			"name": "Basins",
			"origin": [8, 8, 8],
			"color": 0,
			"children": [0, 1, 2]
		},
		{
			"name": "Spoutput",
			"origin": [8, 8, 8],
			"color": 0,
			"children": [3, 4, 5]
		}
	]
}