{
	"credit": "Made with Blockbench",
	"textures": {
		"1_7": "create:block/controls",
		"particle": "create:block/bogey/particle"
	},
	"elements": [
		{
			"from": [2, 4.95, 6.75],
			"to": [14, 13.2, 14],
			"faces": {
				"north": {"uv": [9.5, 3.5, 15.5, 0], "texture": "#1_7"},
				"up": {"uv": [9.5, 0, 15.5, 3.5], "rotation": 180, "texture": "#1_7"},
				"down": {"uv": [9.5, 0, 15.5, 3.5], "rotation": 180, "texture": "#1_7"}
			}
		}
	],
	"display": {
		"thirdperson_righthand": {
			"rotation": [75, 45, 0],
			"translation": [0, 2.5, 0],
			"scale": [0.375, 0.375, 0.375]
		},
		"thirdperson_lefthand": {
			"rotation": [75, 45, 0],
			"translation": [0, 2.5, 0],
			"scale": [0.375, 0.375, 0.375]
		},
		"firstperson_righthand": {
			"rotation": [0, 45, 0],
			"scale": [0.4, 0.4, 0.4]
		},
		"firstperson_lefthand": {
			"rotation": [0, 225, 0],
			"scale": [0.4, 0.4, 0.4]
		},
		"ground": {
			"translation": [0, 3, 0],
			"scale": [0.25, 0.25, 0.25]
		},
		"gui": {
			"rotation": [30, 225, 0],
			"translation": [1.5, -0.25, 0],
			"scale": [0.625, 0.625, 0.625]
		},
		"head": {
			"translation": [0, 8.5, -2.25]
		},
		"fixed": {
			"scale": [0.5, 0.5, 0.5]
		}
	}
}